"Variable / Field Name","Form Name","Section Header","Field Type","Field Label","Choices, Calculations, OR Slider Labels","Field Note","Text Validation Type OR Show Slider Number","Text Validation Min","Text Validation Max",Identifier?,"Branching Logic (Show field only if...)","Required Field?","Custom Alignment","Question Number (surveys only)","Matrix Group Name","Matrix Ranking?","Field Annotation"
record_id,study_information,,text,"Record ID",,"Redcap ID field (autogenerated by Redcap)",,,,,,,,,,,
patient_code,study_information,,text,"Patient Code",,UKLFRXXX,,,,,,y,,,,,
enrolment_date,study_information,,text,"Enrolment Date",,"Date DD-MM-YY of enrolment into study (this field will be used to calculate survey schedules)",date_dmy,,,,,,,,,,
start_date,study_information,,text,"Recording start date",,,date_dmy,,,,,,,,,,
recording_end_date,study_information,,text,"Recording end date",,,date_dmy,,,,,,,,,,
number_of_days,study_information,,text,"Number of days recorded",,,number,1,30,,,,,,,,
eeg_system_number,study_information,,text,"EEG system number",,"UKLFR: Bed number",,,,,,,,,,,
room_number,study_information,,text,"Room number",,"Bed 1/2: 166 | Bed 3/4: 168 | Bed 5: 169 | Bed 6: 170 | Bed 7: 171",,,,,,,,,,,
data_transfer,study_information,,yesno,"Data transfer to RADAR members?",,,,,,,,,,,,,
wearables_home,study_information,,yesno,"Would use wearables at home?",,,,,,,,,,,,,
self_change_device,study_information,,yesno,"Changed devices by themselves?",,,,,,,,,,,,,
private_phone_type,study_information,,radio,"Private smartphone type","1, iPhone | 2, Android | 3, none | 4, other",,,,,,,,,,,,
empatica_serial_n,study_information,,text,"Serial number of EMPATICA E4 given ",,,,,,,,,,,,,
imec_serial_n,study_information,,text,"Serial number of IMEC given",,,,,,,,,,,,,
epilog_serial_n,study_information,,text,"Serial number of Epilog given ",,,,,,,,,,,,,
biovotion_serial_n,study_information,,text,"Serial number of Biovotion given",,,,,,,,,,,,,
other_serial_n,study_information,,text,"Serial number of other device given ",,,,,,,,,,,,,
empatica_side,study_information,,radio,"Side of EMPATICA E4 ","1, Left Wrist | 2, Right Wrist",,,,,,,,,,,,
imec_side,study_information,,radio,"Side of Imec arm_band","1, Left arm | 2, Right arm",,,,,,,,,,,,
biovotion_side,study_information,,radio,"Side of Biovotion arm-band","1, Left arm | 2, Right arm",,,,,,,,,,,,
epilog_side,study_information,,radio,"Side of Epilog wearable eeg","1, Left | 2, Right",,,,,,,,,,,,
byteflies_position,study_information,,checkbox,"Position of Byteflies","1, Left arm | 2, Right arm | 3, Left wrist | 4, Right wrist | 5, Central chest | 6, Left chest | 7, Right chest",,,,,,,,,,,,
other_side,study_information,,radio,"Side of the other wearable device given","1, Left arm | 2, Right arm | 3, Left wrist | 4, Right wrist | 5, Central chest | 6, Left chest | 7, Right chest",,,,,,,,,,,,
other_device_name,study_information,,text,"Please specify the other wearable device",,,,,,,,,,,,,
empatica_side_adjusted,study_information,,radio,"Adjusted side of EMPATICA E4 during study period","1, Left Wrist | 2, Right Wrist",,,,,,,,,,,,
imec_side_adjusted,study_information,,radio,"Adjusted side of IMEC arm-band during study period","1, Left arm | 2, Right arm",,,,,,,,,,,,
biovotion_side_adjusted,study_information,,radio,"Adjusted side of Biovotion arm-band during study period","1, Left arm | 2, Right arm",,,,,,,,,,,,
epilog_side_adjusted,study_information,,radio,"Adjusted side of Epilog during study period","1, Left | 2, Right",,,,,,,,,,,,
byteflies_side_adjusted,study_information,,checkbox,"Adjusted side of Byteflies during study period","1, Left arm | 2, Right arm | 3, Left wrist | 4, Right wrist | 5, Central chest | 6, Left chest | 7, Right chest",,,,,,,,,,,,
other_side_adjusted,study_information,,radio,"Adjusted side of other wearable device during study period","1, Left arm | 2, Right arm",,,,,,,,,,,,
adj_date_empatica,study_information,,text,"Date of adjusted site (EMPATICA)",,,datetime_seconds_dmy,,,,,,,,,,
adj_date_imec,study_information,,text,"Date of adjusted site (IMEC)",,,datetime_seconds_dmy,,,,,,,,,,
adj_date_epilog,study_information,,text,"Date of adjusted site (Epilog)",,,datetime_seconds_dmy,,,,,,,,,,
adj_date_biovotion,study_information,,text,"Date of adjusted site (Biovotion)",,,datetime_seconds_dmy,,,,,,,,,,
adj_date_byteflies,study_information,,text,"Date of adjusted site (Byteflies)",,,datetime_seconds_dmy,,,,,,,,,,
adj_date_other,study_information,,text,"Date of adjusted site (other)",,,datetime_seconds_dmy,,,,,,,,,,
synchronization_problem,study_information,,text,"Synchronization Problems ",,,,,,,,,,,,,
h5_conversion_problems,study_information,,text,"H5 conversion problems",,,,,,,,,,,,,
ecg_channel,study_information,,text,"ECG Channel",,,,,,,,,,,,,
adverse_event,study_information,,checkbox,"Adverse Event","1, skin reaction | 2, EEG interference | 3, other | 4, none",,,,,,,,,,,,
other_adverse_event,study_information,,text,"Please specify the other adverse events",,,,,,,,,,,,,
team_enter_data,study_information,,text,"Research Team Member who entered data",,,,,,,,y,,,,,@USERNAME
research_team_member,study_information,,text,"Research team member who enrolled participant",,"Signing Clinician",,,,,,,,,,,
date_data_entry,study_information,,text,"Date of data entry",,,date_dmy,,,,,,,,,,"@TODAY @READONLY"
study_comments,study_information,,text,"Study Comments",,"comments on enrolment/data collection/procedure/etc...",,,,,,,,,,,
seizure_recorded,study_information,,text,"Number of Seizure recorded",,,number,0,100,,,,,,,,
seizure_presented,study_information,,text,"Number of Seizure presented",,,number,0,100,,,,,,,,
rep_seizure_type,seizures,"Seizure Type Information",checkbox,"Seizure Type","1, Focal Electrographic | 2, Focal with motor features | 3, Focal with autonomic features | 4, Focal with dyscognitive features | 5, Focal with secondary generalisation | 6, Generalised Tonic-clonic | 7, Generalised Tonic | 8, Generalised Atonic | 9, Generalised Myoclonic | 10, Generalised Absence | 11, Generalised other | 12, Aura | 13, Epileptic Arousal | 14, Other | 15, Unknown","Branching Logic Exists",,,,,,,,,,,
second_electrographic_start,seizures,"FS Electrographic",text,"Start Time FS Electrographic",,,datetime_seconds_ymd,,,,"[rep_seizure_type(1)] = '1'",,,,,,
second_electrographic_end,seizures,,text,"End Time FS Electrographic",,,datetime_seconds_ymd,,,,"[rep_seizure_type(1)] = '1'",,,,,,
second_motor,seizures,"FS with Motor Features",checkbox,"FS with Motor Type","1, Tonic | 2, Clonic | 3, Myoclonic | 4, Hyperkinetic | 5, Automatisms | 6, Other",,,,,,"[rep_seizure_type(2)] = '1'",,,,,,
third_motor_tonic_loc,seizures,"FS with Motor Tonic",checkbox,"Localisation FS with Motor Tonic","1, Right Arm | 2, Right Leg | 3, Left Arm | 4, Left Leg | 5, Other",,,,,,"[second_motor(1)] = '1'",,RH,,,,
third_motor_tonic_start_ra,seizures,,text,"Start Time FS with Motor Tonic RA",,,datetime_seconds_ymd,,,,"[third_motor_tonic_loc(1)] = '1'",,RH,,,,
third_motor_tonic_end_ra,seizures,,text,"End Time FS with Motor Tonic RA",,,datetime_seconds_ymd,,,,"[third_motor_tonic_loc(1)] = '1'",,RH,,,,
third_motor_tonic_start_rl,seizures,,text,"Start Time FS with Motor Tonic RL",,,datetime_seconds_ymd,,,,"[third_motor_tonic_loc(2)] = '1'",,RH,,,,
third_motor_tonic_end_rl,seizures,,text,"End Time FS with Motor Tonic RL",,,datetime_seconds_ymd,,,,"[third_motor_tonic_loc(2)] = '1'",,RH,,,,
third_motor_tonic_start_la,seizures,,text,"Start Time FS with Motor Tonic LA",,,datetime_seconds_ymd,,,,"[third_motor_tonic_loc(3)] = '1'",,RH,,,,
third_motor_tonic_end_la,seizures,,text,"End Time FS with Motor Tonic LA",,,datetime_seconds_ymd,,,,"[third_motor_tonic_loc(3)] = '1'",,RH,,,,
third_motor_tonic_start_ll,seizures,,text,"Start Time FS with Motor Tonic LL",,,datetime_seconds_ymd,,,,"[third_motor_tonic_loc(4)] = '1'",,RH,,,,
third_motor_tonic_end_ll,seizures,,text,"End Time FS with Motor Tonic LL",,,datetime_seconds_ymd,,,,"[third_motor_tonic_loc(4)] = '1'",,RH,,,,
third_motor_tonic_start_o,seizures,,text,"Start Time FS with Motor Tonic Other",,,datetime_seconds_ymd,,,,"[third_motor_tonic_loc(5)] = '1'",,RH,,,,
third_motor_tonic_end_o,seizures,,text,"End Time FS with Motor Tonic Other",,,datetime_seconds_ymd,,,,"[third_motor_tonic_loc(5)] = '1'",,RH,,,,
third_motor_tonic_other,seizures,,text,"FS with Motor Tonic Other",,,,,,,"[third_motor_tonic_loc(5)] = '1'",,,,,,
third_motor_clonic_loc,seizures,"FS with Motor Clonic",checkbox,"Localisation FS with Motor Clonic","1, Right Arm | 2, Right Leg | 3, Left Arm | 4, Left Leg | 5, Other",,,,,,"[second_motor(2)] = '1'",,RH,,,,
third_motor_clonic_start_ra,seizures,,text,"Start Time FS with Motor Clonic RA",,,datetime_seconds_ymd,,,,"[third_motor_clonic_loc(1)] = '1'",,RH,,,,
third_motor_clonic_end_ra,seizures,,text,"End Time FS with Motor Clonic RA",,,datetime_seconds_ymd,,,,"[third_motor_clonic_loc(1)] = '1'",,RH,,,,
third_motor_clonic_start_rl,seizures,,text,"Start Time FS with Motor Clonic RL",,,datetime_seconds_ymd,,,,"[third_motor_clonic_loc(2)] = '1'",,RH,,,,
third_motor_clonic_end_rl,seizures,,text,"End Time FS with Motor Clonic RL",,,datetime_seconds_ymd,,,,"[third_motor_clonic_loc(2)] = '1'",,RH,,,,
third_motor_clonic_start_la,seizures,,text,"Start Time FS with Motor Clonic LA",,,datetime_seconds_ymd,,,,"[third_motor_clonic_loc(3)] = '1'",,RH,,,,
third_motor_clonic_end_la,seizures,,text,"End Time FS with Motor Clonic LA",,,datetime_seconds_ymd,,,,"[third_motor_clonic_loc(3)] = '1'",,RH,,,,
third_motor_clonic_start_ll,seizures,,text,"Start Time FS with Motor Clonic LL",,,datetime_seconds_ymd,,,,"[third_motor_clonic_loc(4)] = '1'",,RH,,,,
third_motor_clonic_end_ll,seizures,,text,"End Time FS with Motor Clonic LL",,,datetime_seconds_ymd,,,,"[third_motor_clonic_loc(4)] = '1'",,RH,,,,
third_motor_clonic_start_o,seizures,,text,"Start Time FS with Motor Clonic Other",,,datetime_seconds_ymd,,,,"[third_motor_clonic_loc(5)] = '1'",,RH,,,,
third_motor_clonic_end_o,seizures,,text,"End Time FS with Motor Clonic Other",,,datetime_seconds_ymd,,,,"[third_motor_clonic_loc(5)] = '1'",,RH,,,,
third_motor_clonic_other,seizures,,text,"FS with Motor Clonic Other",,,,,,,"[third_motor_clonic_loc(5)] = '1'",,,,,,
third_motor_myoc_loc,seizures,"FS with Motor Myoclonic",checkbox,"Localisation FS with Motor Myoclonic","1, Right Arm | 2, Right Leg | 3, Left Arm | 4, Left Leg | 5, Other",,,,,,"[second_motor(3)] = '1'",,RH,,,,
third_motor_myoc_start_ra,seizures,,text,"Start Time FS with Motor Myoclonic RA",,,datetime_seconds_ymd,,,,"[third_motor_myoc_loc(1)] = '1'",,RH,,,,
third_motor_myoc_end_ra,seizures,,text,"End Time FS with Motor Myoclonic RA",,,datetime_seconds_ymd,,,,"[third_motor_myoc_loc(1)] = '1'",,RH,,,,
third_motor_myoc_start_rl,seizures,,text,"Start Time FS with Motor Myoclonic RL",,,datetime_seconds_ymd,,,,"[third_motor_myoc_loc(2)] = '1'",,RH,,,,
third_motor_myoc_end_rl,seizures,,text,"End Time FS with Motor Myoclonic RL",,,datetime_seconds_ymd,,,,"[third_motor_myoc_loc(2)] = '1'",,RH,,,,
third_motor_myoc_start_la,seizures,,text,"Start Time FS with Motor Myoclonic LA",,,datetime_seconds_ymd,,,,"[third_motor_myoc_loc(3)] = '1'",,RH,,,,
third_motor_myoc_end_la,seizures,,text,"End Time FS with Motor Myoclonic LA",,,datetime_seconds_ymd,,,,"[third_motor_myoc_loc(3)] = '1'",,RH,,,,
third_motor_myoc_start_ll,seizures,,text,"Start Time FS with Motor Myoclonic LL",,,datetime_seconds_ymd,,,,"[third_motor_myoc_loc(4)] = '1'",,RH,,,,
third_motor_myoc_end_ll,seizures,,text,"End Time FS with Motor Myoclonic LL",,,datetime_seconds_ymd,,,,"[third_motor_myoc_loc(4)] = '1'",,RH,,,,
third_motor_myoc_start_o,seizures,,text,"Start Time FS with Motor Myoclonic Other",,,datetime_seconds_ymd,,,,"[third_motor_myoc_loc(5)] = '1'",,RH,,,,
third_motor_myoc_end_o,seizures,,text,"End Time FS with Motor Myoclonic Other",,,datetime_seconds_ymd,,,,"[third_motor_myoc_loc(5)] = '1'",,RH,,,,
third_motor_myoc_other,seizures,,text,"FS with Motor Myoclonic Other",,,,,,,"[third_motor_myoc_loc(5)] = '1'",,,,,,
third_motor_hyper_loc,seizures,"FS with Motor Hyperkinetic",checkbox,"Localisation FS with Motor Hyperkinetic","1, Right Arm | 2, Right Leg | 3, Left Arm | 4, Left Leg | 5, Other",,,,,,"[second_motor(4)] = '1'",,RH,,,,
third_motor_hyper_start_ra,seizures,,text,"Start Time FS with Motor Hyperkinetic RA",,,datetime_seconds_ymd,,,,"[third_motor_hyper_loc(1)] = '1'",,RH,,,,
third_motor_hyper_end_ra,seizures,,text,"End Time FS with Motor Hyperkinetic RA",,,datetime_seconds_ymd,,,,"[third_motor_hyper_loc(1)] = '1'",,RH,,,,
third_motor_hyper_start_rl,seizures,,text,"Start Time FS with Motor Hyperkinetic RL",,,datetime_seconds_ymd,,,,"[third_motor_hyper_loc(2)] = '1'",,RH,,,,
third_motor_hyper_end_rl,seizures,,text,"End Time FS with Motor Hyperkinetic RL",,,datetime_seconds_ymd,,,,"[third_motor_hyper_loc(2)] = '1'",,RH,,,,
third_motor_hyper_start_la,seizures,,text,"Start Time FS with Motor Hyperkinetic LA",,,datetime_seconds_ymd,,,,"[third_motor_hyper_loc(3)] = '1'",,RH,,,,
third_motor_hyper_end_la,seizures,,text,"End Time FS with Motor Hyperkinetic LA",,,datetime_seconds_ymd,,,,"[third_motor_hyper_loc(3)] = '1'",,RH,,,,
third_motor_hyper_start_ll,seizures,,text,"Start Time FS with Motor Hyperkinetic LL",,,datetime_seconds_ymd,,,,"[third_motor_hyper_loc(4)] = '1'",,RH,,,,
third_motor_hyper_end_ll,seizures,,text,"End Time FS with Motor Hyperkinetic LL",,,datetime_seconds_ymd,,,,"[third_motor_hyper_loc(4)] = '1'",,RH,,,,
third_motor_hyper_start_o,seizures,,text,"Start Time FS with Motor Hyperkinetic Other",,,datetime_seconds_ymd,,,,"[third_motor_hyper_loc(5)] = '1'",,RH,,,,
third_motor_hyper_end_o,seizures,,text,"End Time FS with Motor Hyperkinetic Other",,,datetime_seconds_ymd,,,,"[third_motor_hyper_loc(5)] = '1'",,RH,,,,
third_motor_hyper_other,seizures,,text,"FS with Motor Hyperkinetic Other",,,,,,,"[third_motor_hyper_loc(5)] = '1'",,,,,,
third_motor_auto_loc,seizures,"FS with Motor Automatisms",checkbox,"Localisation FS with Motor Automatisms","1, Right Arm | 2, Right Leg | 3, Left Arm | 4, Left Leg | 5, Oroalimentary | 6, Other",,,,,,"[second_motor(5)] = '1'",,RH,,,,
third_motor_auto_start_ra,seizures,,text,"Start Time FS with Motor Automatisms RA",,,datetime_seconds_ymd,,,,"[third_motor_auto_loc(1)] = '1'",,RH,,,,
third_motor_auto_end_ra,seizures,,text,"End Time FS with Motor Automatisms RA",,,datetime_seconds_ymd,,,,"[third_motor_auto_loc(1)] = '1'",,RH,,,,
third_motor_auto_start_rl,seizures,,text,"Start Time FS with Motor Automatisms RL",,,datetime_seconds_ymd,,,,"[third_motor_auto_loc(2)] = '1'",,RH,,,,
third_motor_auto_end_rl,seizures,,text,"End Time FS with Motor Automatisms RL",,,datetime_seconds_ymd,,,,"[third_motor_auto_loc(2)] = '1'",,RH,,,,
third_motor_auto_start_la,seizures,,text,"Start Time FS with Motor Automatisms LA",,,datetime_seconds_ymd,,,,"[third_motor_auto_loc(3)] = '1'",,RH,,,,
third_motor_auto_end_la,seizures,,text,"End Time FS with Motor Automatisms LA",,,datetime_seconds_ymd,,,,"[third_motor_auto_loc(3)] = '1'",,RH,,,,
third_motor_auto_start_ll,seizures,,text,"Start Time FS with Motor Automatisms LL",,,datetime_seconds_ymd,,,,"[third_motor_auto_loc(4)] = '1'",,RH,,,,
third_motor_auto_end_ll,seizures,,text,"End Time FS with Motor Automatisms LL",,,datetime_seconds_ymd,,,,"[third_motor_auto_loc(4)] = '1'",,RH,,,,
third_motor_auto_start_oro,seizures,,text,"Start Time FS with Motor Automatisms Oro",,,datetime_seconds_ymd,,,,"[third_motor_auto_loc(5)] = '1'",,RH,,,,
third_motor_auto_end_oro,seizures,,text,"End Time FS with Motor Automatisms Oro",,,datetime_seconds_ymd,,,,"[third_motor_auto_loc(5)] = '1'",,RH,,,,
third_motor_auto_start_o,seizures,,text,"Start Time FS with Motor Automatisms Other",,,datetime_seconds_ymd,,,,"[third_motor_auto_loc(6)] = '1'",,RH,,,,
third_motor_auto_end_o,seizures,,text,"End Time FS with Motor Automatisms Other",,,datetime_seconds_ymd,,,,"[third_motor_auto_loc(6)] = '1'",,RH,,,,
third_motor_auto_other,seizures,,text,"FS with Motor Automatisms Other",,,,,,,"[third_motor_auto_loc(6)] = '1'",,,,,,
third_motor_other,seizures,"FS with Motor Other",text,"FS with Motor Other",,,,,,,"[second_motor(6)] = '1'",,,,,,
third_motor_other_loc,seizures,,checkbox,"Localisation FS with Motor Other","1, Right Arm | 2, Right Leg | 3, Left Arm | 4, Left Leg | 5, Other",,,,,,"[second_motor(6)] = '1'",,RH,,,,
third_motor_other_start_ra,seizures,,text,"Start Time FS with Motor Other RA",,,datetime_seconds_ymd,,,,"[third_motor_other_loc(1)] = '1'",,,,,,
third_motor_other_end_ra,seizures,,text,"End Time FS with Motor Other RA",,,datetime_seconds_ymd,,,,"[third_motor_other_loc(1)] = '1'",,,,,,
third_motor_other_start_rl,seizures,,text,"Start Time FS with Motor Other RL",,,datetime_seconds_ymd,,,,"[third_motor_other_loc(2)] = '1'",,,,,,
third_motor_other_end_rl,seizures,,text,"End Time FS with Motor Other RL",,,datetime_seconds_ymd,,,,"[third_motor_other_loc(2)] = '1'",,,,,,
third_motor_other_start_la,seizures,,text,"Start Time FS with Motor Other LA",,,datetime_seconds_ymd,,,,"[third_motor_other_loc(3)] = '1'",,,,,,
third_motor_other_end_la,seizures,,text,"End Time FS with Motor Other LA",,,datetime_seconds_ymd,,,,"[third_motor_other_loc(3)] = '1'",,,,,,
third_motor_other_start_ll,seizures,,text,"Start Time FS with Motor Other LL",,,datetime_seconds_ymd,,,,"[third_motor_other_loc(4)] = '1'",,,,,,
third_motor_other_end_ll,seizures,,text,"End Time FS with Motor Other LL",,,datetime_seconds_ymd,,,,"[third_motor_other_loc(4)] = '1'",,,,,,
third_motor_other_start_o,seizures,,text,"Start Time FS with Motor Other Other",,,datetime_seconds_ymd,,,,"[third_motor_other_loc(5)] = '1'",,,,,,
third_motor_other_end_o,seizures,,text,"End Time FS with Motor Other Other",,,datetime_seconds_ymd,,,,"[third_motor_other_loc(5)] = '1'",,,,,,
third_motor_other_other,seizures,,text,"FS with Motor Other Other",,,,,,,"[third_motor_other_loc(5)] = '1'",,,,,,
second_autonomic,seizures,"FS with Autonomic Features",checkbox,"FS with Autonomic Type","1, Ictal Tachycardia | 2, Ictal Bradycardia | 3, Flushing | 4, Sweating | 5, Pallor | 6, Other",,,,,,"[rep_seizure_type(3)] = '1'",,,,,,
second_autonomic_it_start,seizures,,text,"Start Time FS with Autonomic IT",,,datetime_seconds_ymd,,,,"[second_autonomic(1)] = '1'",,,,,,
second_autonomic_it_end,seizures,,text,"End Time FS with Autonomic IT",,,datetime_seconds_ymd,,,,"[second_autonomic(1)] = '1'",,,,,,
second_autonomic_ib_start,seizures,,text,"Start Time FS with Autonomic IB",,,datetime_seconds_ymd,,,,"[second_autonomic(2)] = '1'",,,,,,
second_autonomic_ib_end,seizures,,text,"End Time FS with Autonomic IB",,,datetime_seconds_ymd,,,,"[second_autonomic(2)] = '1'",,,,,,
second_autonomic_fl_start,seizures,,text,"Start Time FS with Autonomic Flushing",,,datetime_seconds_ymd,,,,"[second_autonomic(3)] = '1'",,,,,,
second_autonomic_fl_end,seizures,,text,"End Time FS with Autonomic Flushing",,,datetime_seconds_ymd,,,,"[second_autonomic(3)] = '1'",,,,,,
second_autonomic_sw_start,seizures,,text,"Start Time FS with Autonomic Sweating",,,datetime_seconds_ymd,,,,"[second_autonomic(4)] = '1'",,,,,,
second_autonomic_sw_end,seizures,,text,"End Time FS with Autonomic Sweating",,,datetime_seconds_ymd,,,,"[second_autonomic(4)] = '1'",,,,,,
second_autonomic_pl_start,seizures,,text,"Start Time FS with Autonomic Pallor",,,datetime_seconds_ymd,,,,"[second_autonomic(5)] = '1'",,,,,,
second_autonomic_pl_end,seizures,,text,"End Time FS with Autonomic Pallor",,,datetime_seconds_ymd,,,,"[second_autonomic(5)] = '1'",,,,,,
third_autonomic_other,seizures,,text,"FS with Autonomic Other",,,,,,,"[second_autonomic(6)] = '1'",,,,,,
second_autonomic_other_start,seizures,,text,"Start Time FS with Autonomic Other",,,datetime_seconds_ymd,,,,"[second_autonomic(6)] = '1'",,,,,,
second_autonomic_other_end,seizures,,text,"End Time FS with Autonomic Other",,,datetime_seconds_ymd,,,,"[second_autonomic(6)] = '1'",,,,,,
second_dyscognitive,seizures,"FS with Dyscognitive Features",checkbox,"FS with Dyscognitive Type","1, Assumed | 2, Evidence per assessment",,,,,,"[rep_seizure_type(4)] = '1'",,,,,,
second_dyscognitive_as_start,seizures,,text,"Start Time FS with Dyscognitive Assumed",,,datetime_seconds_ymd,,,,"[second_dyscognitive(1)] = '1'",,,,,,
second_dyscognitive_as_end,seizures,,text,"End Time FS with Dyscognitive Assumed",,,datetime_seconds_ymd,,,,"[second_dyscognitive(1)] = '1'",,,,,,
second_dyscognitive_ev_start,seizures,,text,"Start Time FS with Dyscognitive Evidence",,,datetime_seconds_ymd,,,,"[second_dyscognitive(2)] = '1'",,,,,,
second_dyscognitive_ev_end,seizures,,text,"End Time FS with Dyscognitive Evidence",,,datetime_seconds_ymd,,,,"[second_dyscognitive(2)] = '1'",,,,,,
second_secgen_start,seizures,"FS with Secondary Generalisation",text,"Start Time FS with Sec. Gen.",,,datetime_seconds_ymd,,,,"[rep_seizure_type(5)] = '1'",,,,,,
second_secgen_end,seizures,,text,"End Time FS with Sec. Gen.",,,datetime_seconds_ymd,,,,"[rep_seizure_type(5)] = '1'",,,,,,
second_gtcs_tonic_start,seizures,"Generalised Tonic-Clonic",text,"Start Time Tonic Phase",,,datetime_seconds_ymd,,,,"[rep_seizure_type(6)] = '1'",,,,,,
second_gtcs_tonic_end,seizures,,text,"End Time Tonic Phase",,,datetime_seconds_ymd,,,,"[rep_seizure_type(6)] = '1'",,,,,,
second_gtcs_clonic_start,seizures,,text,"Start Time Clonic Phase",,,datetime_seconds_ymd,,,,"[rep_seizure_type(6)] = '1'",,,,,,
second_gtcs_clonic_end,seizures,,text,"End Time Clonic Phase",,,datetime_seconds_ymd,,,,"[rep_seizure_type(6)] = '1'",,,,,,
second_gtcs_tachy_start,seizures,,text,"Start Time Tachycardia",,,datetime_seconds_ymd,,,,"[rep_seizure_type(6)] = '1'",,,,,,
second_gtcs_tachy_end,seizures,,text,"End Time Tachycardia",,,datetime_seconds_ymd,,,,"[rep_seizure_type(6)] = '1'",,,,,,
second_gtcs_brady_start,seizures,,text,"Start Time Bradycardia",,,datetime_seconds_ymd,,,,"[rep_seizure_type(6)] = '1'",,,,,,
second_gtcs_brady_end,seizures,,text,"End Time Bradycardia",,,datetime_seconds_ymd,,,,"[rep_seizure_type(6)] = '1'",,,,,,
second_gen_other,seizures,"Generalised Other",text,"Generalised Other",,,,,,,"[rep_seizure_type(11)] = '1'",,,,,,
second_aura,seizures,Aura,checkbox,"Aura Type","1, Sensory | 2, Epigastric | 3, Visual | 4, Gustatory | 5, Autonomic | 6, Other",,,,,,"[rep_seizure_type(12)] = '1'",,,,,,
second_aura_sens_start,seizures,,text,"Start Time Aura Sensory",,,datetime_seconds_ymd,,,,"[second_aura(1)] = '1'",,,,,,
second_aura_sens_end,seizures,,text,"End Time Aura Sensory",,,datetime_seconds_ymd,,,,"[second_aura(1)] = '1'",,,,,,
second_aura_epi_start,seizures,,text,"Start Time Aura Epigastric",,,datetime_seconds_ymd,,,,"[second_aura(2)] = '1'",,,,,,
second_aura_epi_end,seizures,,text,"End Time Aura Epigastric",,,datetime_seconds_ymd,,,,"[second_aura(2)] = '1'",,,,,,
second_aura_vis_start,seizures,,text,"Start Time Aura Visual",,,datetime_seconds_ymd,,,,"[second_aura(3)] = '1'",,,,,,
second_aura_vis_end,seizures,,text,"End Time Aura Visual",,,datetime_seconds_ymd,,,,"[second_aura(3)] = '1'",,,,,,
second_aura_gust_start,seizures,,text,"Start Time Aura Gustatory",,,datetime_seconds_ymd,,,,"[second_aura(4)] = '1'",,,,,,
second_aura_gust_end,seizures,,text,"End Time Aura Gustatory",,,datetime_seconds_ymd,,,,"[second_aura(4)] = '1'",,,,,,
second_aura_auto_start,seizures,,text,"Start Time Aura Autonomic",,,datetime_seconds_ymd,,,,"[second_aura(5)] = '1'",,,,,,
second_aura_auto_end,seizures,,text,"End Time Aura Autonomic",,,datetime_seconds_ymd,,,,"[second_aura(5)] = '1'",,,,,,
third_aura_other,seizures,,text,"Aura Other",,,,,,,"[second_aura(6)] = '1'",,,,,,
second_aura_other_start,seizures,,text,"Start Time Aura Other",,,datetime_seconds_ymd,,,,"[second_aura(6)] = '1'",,,,,,
second_aura_other_end,seizures,,text,"End Time Aura Other",,,datetime_seconds_ymd,,,,"[second_aura(6)] = '1'",,,,,,
second_arousal_start,seizures,"Epileptic Arousal",text,"Start Time Epileptic Arousal",,,datetime_seconds_ymd,,,,"[rep_seizure_type(13)] = '1'",,,,,,
second_arousal_end,seizures,,text,"End Time Epileptic Arousal",,,datetime_seconds_ymd,,,,"[rep_seizure_type(13)] = '1'",,,,,,
second_other,seizures,"Other Seizure Type",text,"Other Seizure Type",,,,,,,"[rep_seizure_type(14)] = '1'",,,,,,
second_other_start,seizures,,text,"Start Time Other Seizure Type",,,datetime_seconds_ymd,,,,"[rep_seizure_type(14)] = '1'",,,,,,
second_other_end,seizures,,text,"End Time Other Seizure Type",,,datetime_seconds_ymd,,,,"[rep_seizure_type(14)] = '1'",,,,,,
rep_seizure_num,seizures,"#######################################

Additional Seizure Information",text,"Seizure Number",,"Sequential number of seizure for this subject (eg. ""A*"" in labels)",integer,,,,,y,,,,,
rep_seizure_focus,seizures,,text,"Seizure Focus",,,,,,,,,,,,,
rep_seizure_comment,seizures,,notes,"Seizure Comment",,"Please write in English",,,,,,,,,,,
rep_seizure_vigilance_state,seizures,,checkbox,"Vigilance State","1, awake | 2, asleep",,,,,,,,,,,,
rep_seizure_body_position,seizures,,checkbox,"Body Position","1, lying | 2, sitting | 3, standing",,,,,,,,,,,,
rep_seizure_aeds_dose,seizures,,text,"AEDs and Dose",,,,,,,,,,,,,
rep_seizure_day,seizures,"Seizure Time",text,"Day of the seizure recorded",,,,,,,,,,,,,
rep_seizure_date,seizures,,text,"Date of the seizure",,,date_ymd,,,,,,,,,,
rep_seizure_eeg_start,seizures,,text,"First EEG Start Time (this seizure)",,HH:MM:SS,,,,,,,,,,,
rep_seizure_clin_start,seizures,,text,"First Clinical Start Time (this seizure)",,HH:MM:SS,,,,,,,,,,,
rep_seizure_eeg_end,seizures,,text,"Last EEG End Time (this seizure)",,HH:MM:SS,,,,,,,,,,,
rep_seizure_clin_end,seizures,,text,"Last Clinical End Time (this seizure)",,HH:MM:SS,,,,,,,,,,,
rep_seizure_empatica,seizures,"Seizure recorded by device...",yesno,"Recorded by Empatica",,,,,,,,,RH,,,,
rep_seizure_imec,seizures,,yesno,"Recorded by IMEC",,,,,,,,,RH,,,,
rep_seizure_biovotion,seizures,,yesno,"Recorded by Biovotion",,,,,,,,,RH,,,,
rep_seizure_other,seizures,,yesno,"Recorded by other device",,,,,,,,,RH,,,,
age,demographics,,text,"Age at enrolment?",,,integer,18,,,,,,,,,
gender,demographics,,radio,Gender,"0,Male|1,Female|2,Transgender|3,Other",,,,,,,,,,,,
handedness,demographics,,dropdown,Handedness,"1, Right Handed | 2, Left Handed | 3, Both",,autocomplete,,,,,,,,,,
marital_status,demographics,,radio,Status,"0,Single|1,Cohabiting with your partner|2,Married and living with your husband/wife|3,Married and separated from your husband/wife|4,Divorced|5,Widowed",,,,,,,,,,,,
children,demographics,,radio,"Do you have children?","0,No|1,Yes",,,,,,,,,,,,
no_of_children,demographics,,text,"How many children do you have?",,,integer,,,,"[children]=""1""",,,,,,
children_live_with_you,demographics,,text,"How many children still live with you?",,,integer,,,,"[children]=""1""",,,,,,
ethnicity_1,demographics,"Choose one option that best describes your ethnic group or background.",radio,"What is your ethnic group or background?","18, White | 19, Mixed/Multiple Ethnic Group | 20, Asian | 21, Black/African/Caribbean/Black British | 22, Other ethnic group",,,,,,,,,,,,
ethnic_other,demographics,,text,"Describe which other ethnic background",,,,,,,"[ethnicity_1]=""17"" ",,,,,,
eduction,demographics,,text,"Number of Years of Education",,,,,,,,,,,,,
job,demographics,,radio,Job,"1, employed full time | 2, employed part-time | 3, unemployed | 4, student | 5, retired | 6, other",,,,,,,,,,,,
otherjob,demographics,,text,"Please describe the most recent employment",,,,,,,,,,,,,
previously_exp,demographics,,yesno,"Do you have previous experience with smartwatches/wearable devices?",,,,,,,,,,,,,
time_prev_exp,demographics,,text,"How long is this experience (months)?",,,number,1,120,,,,,,,,
age_onset,clinical_information,,text,"Age at seizure oneset (years)",,,number,0,100,,,,,,,,
disease_duration,clinical_information,,text,"Disease duration (years)",,,number,0,100,,,,,,,,
families_epilepsy,clinical_information,,radio,"Other family members with epilepsy ?","1, no | 2, yes",,,,,,,,,,,,
other_family_member,clinical_information,,text,"If yes, who are the other family members ?",,,,,,,,,,,,,
epi_type,clinical_information,"Epilepsy Type Informations",radio,"Epilepsy Type","1, Genetic | 2, Structural | 3, Unknown | 4, Unconfirmed/Suspected Epilepsy | 5, No Epilepsy",,,,,,,,,,,,
genetic_syndrome,clinical_information,,notes,"Specify genetic syndrome",,,,,,,,,,,,,
structural_syndrome,clinical_information,,radio,"Specify Structural Syndrome","1, TLE | 2, FLE | 3, Extra-TLE",,,,,,,,,,,,
specify_extra_tle,clinical_information,,notes,"Please specify the Extra-TLE",,,,,,,,,,,,,
specify_etiology,clinical_information,,notes,"Please specify etiology (if known)",,,,,,,,,,,,,
specify_side,clinical_information,,notes,"Please specify side (if known)",,,,,,,,,,,,,
neuroimage,clinical_information,,radio,"Brain MRI/TC","1, normal | 2, abnormal (related to epilepsy aetiology) | 3, not performed | 4, other",,,,,,,,,,,,
specify_brain_image,clinical_information,,notes,"Please specify the abnormality in the Brain Image",,,,,,,,,,,,,
seizure_type,clinical_information,"Seizure Type Informations",checkbox,"Seizure Type","1, Focal | 2, Generalized | 3, Unknown",,,,,,,,,,,,
focal_seiziure_type,clinical_information,,checkbox,"Focal Seizure Type","1, With motor features | 2, With autonomic features | 3, With dyscognitive features | 4, With secondary generalisation",,,,,,,,,,,,
generalized_seizure_type,clinical_information,,checkbox,"Generalized Seizure Type","1, Tonic-clonic | 2, Tonic | 3, Atonic | 4, Myoclonic | 5, Absence | 6, other",,,,,,,,,,,,
day_mt,clinical_information,"Motor Seizure Frequency",radio,Day,"0, 0 | 1, 1 | 2, 2 | 3, 3 | 4, 4 | 5, 5 | 6, 6 | 7, 7 | 8, 8 | 9, 9 | 10, 10 | 11, >10",,,,,,,,,,motor_frequency,y,
week_mt,clinical_information,,radio,Week,"0, 0 | 1, 1 | 2, 2 | 3, 3 | 4, 4 | 5, 5 | 6, 6 | 7, 7 | 8, 8 | 9, 9 | 10, 10 | 11, >10",,,,,,,,,,motor_frequency,y,
month_mt,clinical_information,,radio,Month,"0, 0 | 1, 1 | 2, 2 | 3, 3 | 4, 4 | 5, 5 | 6, 6 | 7, 7 | 8, 8 | 9, 9 | 10, 10 | 11, >10",,,,,,,,,,motor_frequency,y,
year_mt,clinical_information,,radio,Year,"0, 0 | 1, 1 | 2, 2 | 3, 3 | 4, 4 | 5, 5 | 6, 6 | 7, 7 | 8, 8 | 9, 9 | 10, 10 | 11, >10",,,,,,,,,,motor_frequency,y,
day_as,clinical_information,"Autonomic Seizure Frequency",radio,Day,"0, 0 | 1, 1 | 2, 2 | 3, 3 | 4, 4 | 5, 5 | 6, 6 | 7, 7 | 8, 8 | 9, 9 | 10, 10 | 11, >10",,,,,,,,,,autonomic_frequency,y,
week_as,clinical_information,,radio,Week,"0, 0 | 1, 1 | 2, 2 | 3, 3 | 4, 4 | 5, 5 | 6, 6 | 7, 7 | 8, 8 | 9, 9 | 10, 10 | 11, >10",,,,,,,,,,autonomic_frequency,y,
month_as,clinical_information,,radio,Month,"0, 0 | 1, 1 | 2, 2 | 3, 3 | 4, 4 | 5, 5 | 6, 6 | 7, 7 | 8, 8 | 9, 9 | 10, 10 | 11, >10",,,,,,,,,,autonomic_frequency,y,
year_as,clinical_information,,radio,Year,"0, 0 | 1, 1 | 2, 2 | 3, 3 | 4, 4 | 5, 5 | 6, 6 | 7, 7 | 8, 8 | 9, 9 | 10, 10 | 11, >10",,,,,,,,,,autonomic_frequency,y,
day_ds,clinical_information,"Dyscognitive Seizure Frequency",radio,Day,"0, 0 | 1, 1 | 2, 2 | 3, 3 | 4, 4 | 5, 5 | 6, 6 | 7, 7 | 8, 8 | 9, 9 | 10, 10 | 11, >10",,,,,,,,,,dyscognitive_frequency,y,
week_ds,clinical_information,,radio,Week,"0, 0 | 1, 1 | 2, 2 | 3, 3 | 4, 4 | 5, 5 | 6, 6 | 7, 7 | 8, 8 | 9, 9 | 10, 10 | 11, >10",,,,,,,,,,dyscognitive_frequency,y,
month_ds,clinical_information,,radio,Month,"0, 0 | 1, 1 | 2, 2 | 3, 3 | 4, 4 | 5, 5 | 6, 6 | 7, 7 | 8, 8 | 9, 9 | 10, 10 | 11, >10",,,,,,,,,,dyscognitive_frequency,y,
year_ds,clinical_information,,radio,Year,"0, 0 | 1, 1 | 2, 2 | 3, 3 | 4, 4 | 5, 5 | 6, 6 | 7, 7 | 8, 8 | 9, 9 | 10, 10 | 11, >10",,,,,,,,,,dyscognitive_frequency,y,
day_sg,clinical_information,"Secondary Generalization Seizure Frequency",radio,Day,"0, 0 | 1, 1 | 2, 2 | 3, 3 | 4, 4 | 5, 5 | 6, 6 | 7, 7 | 8, 8 | 9, 9 | 10, 10 | 11, >10",,,,,,,,,,secondary_frequency,y,
week_sg,clinical_information,,radio,Week,"0, 0 | 1, 1 | 2, 2 | 3, 3 | 4, 4 | 5, 5 | 6, 6 | 7, 7 | 8, 8 | 9, 9 | 10, 10 | 11, >10",,,,,,,,,,secondary_frequency,y,
month_sg,clinical_information,,radio,Month,"0, 0 | 1, 1 | 2, 2 | 3, 3 | 4, 4 | 5, 5 | 6, 6 | 7, 7 | 8, 8 | 9, 9 | 10, 10 | 11, >10",,,,,,,,,,secondary_frequency,y,
year_sg,clinical_information,,radio,Year,"0, 0 | 1, 1 | 2, 2 | 3, 3 | 4, 4 | 5, 5 | 6, 6 | 7, 7 | 8, 8 | 9, 9 | 10, 10 | 11, >10",,,,,,,,,,secondary_frequency,y,
day_gs,clinical_information,"Tonic-Clonic Seizure Frequency",radio,Day,"0, 0 | 1, 1 | 2, 2 | 3, 3 | 4, 4 | 5, 5 | 6, 6 | 7, 7 | 8, 8 | 9, 9 | 10, 10 | 11, >10",,,,,,,,,,tonicclonic_frequency,y,
week_gs,clinical_information,,radio,Week,"0, 0 | 1, 1 | 2, 2 | 3, 3 | 4, 4 | 5, 5 | 6, 6 | 7, 7 | 8, 8 | 9, 9 | 10, 10 | 11, >10",,,,,,,,,,tonicclonic_frequency,y,
month_gs,clinical_information,,radio,Month,"0, 0 | 1, 1 | 2, 2 | 3, 3 | 4, 4 | 5, 5 | 6, 6 | 7, 7 | 8, 8 | 9, 9 | 10, 10 | 11, >10",,,,,,,,,,tonicclonic_frequency,y,
year_gs,clinical_information,,radio,Year,"0, 0 | 1, 1 | 2, 2 | 3, 3 | 4, 4 | 5, 5 | 6, 6 | 7, 7 | 8, 8 | 9, 9 | 10, 10 | 11, >10",,,,,,,,,,tonicclonic_frequency,y,
day_ts,clinical_information,"Tonic Seizure Frequency",radio,Day,"0, 0 | 1, 1 | 2, 2 | 3, 3 | 4, 4 | 5, 5 | 6, 6 | 7, 7 | 8, 8 | 9, 9 | 10, 10 | 11, >10",,,,,,,,,,tonic_frequency,y,
week_ts,clinical_information,,radio,Week,"0, 0 | 1, 1 | 2, 2 | 3, 3 | 4, 4 | 5, 5 | 6, 6 | 7, 7 | 8, 8 | 9, 9 | 10, 10 | 11, >10",,,,,,,,,,tonic_frequency,y,
month_ts,clinical_information,,radio,Month,"0, 0 | 1, 1 | 2, 2 | 3, 3 | 4, 4 | 5, 5 | 6, 6 | 7, 7 | 8, 8 | 9, 9 | 10, 10 | 11, >10",,,,,,,,,,tonic_frequency,y,
year_ts,clinical_information,,radio,Year,"0, 0 | 1, 1 | 2, 2 | 3, 3 | 4, 4 | 5, 5 | 6, 6 | 7, 7 | 8, 8 | 9, 9 | 10, 10 | 11, >10",,,,,,,,,,tonic_frequency,y,
day_ats,clinical_information,"Atonic Seizure Frequency",radio,Day,"0, 0 | 1, 1 | 2, 2 | 3, 3 | 4, 4 | 5, 5 | 6, 6 | 7, 7 | 8, 8 | 9, 9 | 10, 10 | 11, >10",,,,,,,,,,atonic_frequency,y,
week_ats,clinical_information,,radio,Week,"0, 0 | 1, 1 | 2, 2 | 3, 3 | 4, 4 | 5, 5 | 6, 6 | 7, 7 | 8, 8 | 9, 9 | 10, 10 | 11, >10",,,,,,,,,,atonic_frequency,y,
month_ats,clinical_information,,radio,Month,"0, 0 | 1, 1 | 2, 2 | 3, 3 | 4, 4 | 5, 5 | 6, 6 | 7, 7 | 8, 8 | 9, 9 | 10, 10 | 11, >10",,,,,,,,,,atonic_frequency,y,
year_ats,clinical_information,,radio,Year,"0, 0 | 1, 1 | 2, 2 | 3, 3 | 4, 4 | 5, 5 | 6, 6 | 7, 7 | 8, 8 | 9, 9 | 10, 10 | 11, >10",,,,,,,,,,atonic_frequency,y,
day_ms,clinical_information,"Myoclonic Seizure Frequency",radio,Day,"0, 0 | 1, 1 | 2, 2 | 3, 3 | 4, 4 | 5, 5 | 6, 6 | 7, 7 | 8, 8 | 9, 9 | 10, 10 | 11, >10",,,,,,,,,,myoclonic_frequency,y,
week_ms,clinical_information,,radio,Week,"0, 0 | 1, 1 | 2, 2 | 3, 3 | 4, 4 | 5, 5 | 6, 6 | 7, 7 | 8, 8 | 9, 9 | 10, 10 | 11, >10",,,,,,,,,,myoclonic_frequency,y,
month_ms,clinical_information,,radio,Month,"0, 0 | 1, 1 | 2, 2 | 3, 3 | 4, 4 | 5, 5 | 6, 6 | 7, 7 | 8, 8 | 9, 9 | 10, 10 | 11, >10",,,,,,,,,,myoclonic_frequency,y,
year_ms,clinical_information,,radio,Year,"0, 0 | 1, 1 | 2, 2 | 3, 3 | 4, 4 | 5, 5 | 6, 6 | 7, 7 | 8, 8 | 9, 9 | 10, 10 | 11, >10",,,,,,,,,,myoclonic_frequency,y,
day_abs,clinical_information,"Absence Seizure Frequency",radio,Day,"0, 0 | 1, 1 | 2, 2 | 3, 3 | 4, 4 | 5, 5 | 6, 6 | 7, 7 | 8, 8 | 9, 9 | 10, 10 | 11, >10",,,,,,,,,,absence_frequency,y,
week_abs,clinical_information,,radio,Week,"0, 0 | 1, 1 | 2, 2 | 3, 3 | 4, 4 | 5, 5 | 6, 6 | 7, 7 | 8, 8 | 9, 9 | 10, 10 | 11, >10",,,,,,,,,,absence_frequency,y,
month_abs,clinical_information,,radio,Month,"0, 0 | 1, 1 | 2, 2 | 3, 3 | 4, 4 | 5, 5 | 6, 6 | 7, 7 | 8, 8 | 9, 9 | 10, 10 | 11, >10",,,,,,,,,,absence_frequency,y,
year_abs,clinical_information,,radio,Year,"0, 0 | 1, 1 | 2, 2 | 3, 3 | 4, 4 | 5, 5 | 6, 6 | 7, 7 | 8, 8 | 9, 9 | 10, 10 | 11, >10",,,,,,,,,,absence_frequency,y,
day_oth,clinical_information,"Other Seizure Frequency ",radio,Day,"0, 0 | 1, 1 | 2, 2 | 3, 3 | 4, 4 | 5, 5 | 6, 6 | 7, 7 | 8, 8 | 9, 9 | 10, 10 | 11, >10",,,,,,,,,,osf,y,
week_oth,clinical_information,,radio,Week,"0, 0 | 1, 1 | 2, 2 | 3, 3 | 4, 4 | 5, 5 | 6, 6 | 7, 7 | 8, 8 | 9, 9 | 10, 10 | 11, >10",,,,,,,,,,osf,y,
month_oth,clinical_information,,radio,Month,"0, 0 | 1, 1 | 2, 2 | 3, 3 | 4, 4 | 5, 5 | 6, 6 | 7, 7 | 8, 8 | 9, 9 | 10, 10 | 11, >10",,,,,,,,,,osf,y,
year_oth,clinical_information,,radio,Year,"0, 0 | 1, 1 | 2, 2 | 3, 3 | 4, 4 | 5, 5 | 6, 6 | 7, 7 | 8, 8 | 9, 9 | 10, 10 | 11, >10",,,,,,,,,,osf,y,
day_unk,clinical_information,"Unknown seizure type",radio,Day,"0, 0 | 1, 1 | 2, 2 | 3, 3 | 4, 4 | 5, 5 | 6, 6 | 7, 7 | 8, 8 | 9, 9 | 10, 10 | 11, >10",,,,,,,,,,unknow_freq,,
week_unk,clinical_information,,radio,Week,"0, 0 | 1, 1 | 2, 2 | 3, 3 | 4, 4 | 5, 5 | 6, 6 | 7, 7 | 8, 8 | 9, 9 | 10, 10 | 11, >10",,,,,,,,,,unknow_freq,,
month_unk,clinical_information,,radio,Month,"0, 0 | 1, 1 | 2, 2 | 3, 3 | 4, 4 | 5, 5 | 6, 6 | 7, 7 | 8, 8 | 9, 9 | 10, 10 | 11, >10",,,,,,,,,,unknow_freq,,
year_unk,clinical_information,,radio,Year,"0, 0 | 1, 1 | 2, 2 | 3, 3 | 4, 4 | 5, 5 | 6, 6 | 7, 7 | 8, 8 | 9, 9 | 10, 10 | 11, >10",,,,,,,,,,unknow_freq,,
date_last_seizure,clinical_information,,text,"Date of your last seizure",,,date_dmy,,,,,,,,,,
last_seizure_type,clinical_information,,text,"Please specify your last seizure type",,,,,,,,,,,,,
seizure_triggers,clinical_information,,checkbox,"Seizure Triggers","1, lack of sleep | 2, tiredness | 3, stress | 4, flashing lights | 5, other | 6, none",,,,,,,,,,,,
specify_other_triggers,clinical_information,,text,"Please specify the other triggers",,,,,,,,,,,,,
time_pattern_seizure,clinical_information,,checkbox,"Time pattern of seizure occurrence","1, morning | 2, day time | 3, evening | 4, night | 5, no pattern, variable",,,,,,,,,,,,
aeds_treatment,clinical_information,,notes,"Current AEDs treatment (and doses)",,,,,,,,,,,,,
other_treatments,clinical_information,,radio,"Other Treatments","1, VNS | 2, Ketogenic diet | 3, other  | 4, none",,,,,,,,,,,,
specify_other_treatments,clinical_information,,text,"Please specify the other treatments",,,,,,,,,,,,,
bmi,clinical_information,,text,"Please insert your Body Mass Idex (BMI)",,,,,,,,,,,,,
weight,clinical_information,,text,"Please insert your weight (kg,lbf)",,,,,,,,,,,,,
height,clinical_information,,text,"Please insert your height (cm, inch)",,,,,,,,,,,,,
co_morbilities,clinical_information,,checkbox,Comorbidities,"1, cardiovascular | 2, headaches | 3, other | 4, none",,,,,,,,,,,,
specify_other_como,clinical_information,,text,"Please specify the other co-morbilities",,,,,,,,,,,,,
other_medications,clinical_information,,text,"Please specify the other medications taken",,,,,,,,,,,,,
smoke_status,clinical_information,,radio,"Smoke Status","0, never smoked|1,Former Smoker |2, Current Smoker",,,,,,,,,,,,
alcoholic_status,clinical_information,,radio,"Alcoholic Drinking Status","1, never | 2, daily | 3, weekly/monthly",,,,,,,,,,,,
walking_start_pla,calibration_test,,text,"Walking (PLATFORM TIME) Start",,,datetime_seconds_dmy,,,,,,,,,,
walking_end_pla,calibration_test,,text,"Walking (PLATFORM TIME) End",,,datetime_seconds_dmy,,,,,,,,,,
walking_start_eeg,calibration_test,,text,"Walking (EEG TIME) Start",,,datetime_seconds_dmy,,,,,,,,,,
walking_end_eeg,calibration_test,,text,"Walking (EEG TIME) End",,,datetime_seconds_dmy,,,,,,,,,,
right_start_pla,calibration_test,,text,"Right Arm Up/Down (PLATFORM TIME) Start",,,datetime_seconds_dmy,,,,,,,,,,
right_end_pla,calibration_test,,text,"Right Arm Up/Down (PLATFORM TIME) End",,,datetime_seconds_dmy,,,,,,,,,,
right_start_eeg,calibration_test,,text,"Right Arm Up/Down (EEG TIME) Start",,,datetime_seconds_dmy,,,,,,,,,,
right_end_eeg,calibration_test,,text,"Right Arm Up/Down (EEG TIME) End",,,datetime_seconds_dmy,,,,,,,,,,
left_start_pla,calibration_test,,text,"Left Arm Up/Down (PLATFORM TIME) Start",,,datetime_seconds_dmy,,,,,,,,,,
left_end_pla,calibration_test,,text,"Left Arm Up/Down (PLATFORM TIME) End",,,datetime_seconds_dmy,,,,,,,,,,
left_start_eeg,calibration_test,,text,"Left Arm Up/Down (EEG TIME) Start",,,datetime_seconds_dmy,,,,,,,,,,
left_end_eeg,calibration_test,,text,"Left Arm Up/Down (EEG TIME) End",,,datetime_seconds_dmy,,,,,,,,,,
start_teeth_pla,calibration_test,,text,"Teeth Brushing (PLATFORM TIME) Start",,,datetime_seconds_dmy,,,,,,,,,,
end_teeth_pla,calibration_test,,text,"Teeth Brushing (PLATFORM TIME) End",,,datetime_seconds_dmy,,,,,,,,,,
start_teeth_eeg,calibration_test,,text,"Teeth Brushing (EEG TIME) Start",,,datetime_seconds_dmy,,,,,,,,,,
end_teeth_eeg,calibration_test,,text,"Teeth Brushing (EEG TIME) End",,,datetime_seconds_dmy,,,,,,,,,,
start_eat_pla,calibration_test,,text,"Eating/Drinking (PLATFORM TIME) Start",,,datetime_seconds_dmy,,,,,,,,,,
end_eat_pla,calibration_test,,text,"Eating/Drinking (PLATFORM TIME) End",,,datetime_seconds_dmy,,,,,,,,,,
start_eat_eeg,calibration_test,,text,"Eating/Drinking (EEG TIME) Start",,,datetime_seconds_dmy,,,,,,,,,,
end_eat_eeg,calibration_test,,text,"Eating/Drinking (EEG TIME) End",,,datetime_seconds_dmy,,,,,,,,,,
change_date1_empatica,empatica4_diary,,text,"Changing Device Date",,,datetime_dmy,,,,,,,,,,
change_date2_empatica,empatica4_diary,,text,"Changing Device Date",,,datetime_dmy,,,,,,,,,,
change_date3_empatica,empatica4_diary,,text,"Changing Device Date",,,datetime_dmy,,,,,,,,,,
change_date4_empatica,empatica4_diary,,text,"Changing Device Date",,,datetime_dmy,,,,,,,,,,
change_date5_empatica,empatica4_diary,,text,"Changing Device Date",,,datetime_dmy,,,,,,,,,,
change_date6_empatica,empatica4_diary,,text,"Changing Device Date",,,datetime_dmy,,,,,,,,,,
change_date7_empatica,empatica4_diary,,text,"Changing Device Date",,,datetime_dmy,,,,,,,,,,
change_date8_empatica,empatica4_diary,,text,"Changing Device Date",,,datetime_dmy,,,,,,,,,,
change_date9_empatica,empatica4_diary,,text,"Changing Device Date",,,datetime_dmy,,,,,,,,,,
change_date10_empatica,empatica4_diary,,text,"Changing Device Date",,,datetime_dmy,,,,,,,,,,
change_date11_empatica,empatica4_diary,,text,"Changing Device Date",,,datetime_dmy,,,,,,,,,,
change_date12_empatica,empatica4_diary,,text,"Changing Device Date",,,datetime_dmy,,,,,,,,,,
change_date13_empatica,empatica4_diary,,text,"Changing Device Date",,,datetime_dmy,,,,,,,,,,
change_date14_empatica,empatica4_diary,,text,"Changing Device Date",,,datetime_dmy,,,,,,,,,,
change_date15_empatica,empatica4_diary,,text,"Changing Device Date",,,datetime_dmy,,,,,,,,,,
change_date16_empatica,empatica4_diary,,text,"Changing Device Date",,,datetime_dmy,,,,,,,,,,
change_date17_empatica,empatica4_diary,,text,"Changing Device Date",,,datetime_dmy,,,,,,,,,,
change_date18_empatica,empatica4_diary,,text,"Changing Device Date",,,datetime_dmy,,,,,,,,,,
change_date19_empatica,empatica4_diary,,text,"Changing Device Date",,,datetime_dmy,,,,,,,,,,
change_date20_empatica,empatica4_diary,,text,"Changing Device Date",,,datetime_dmy,,,,,,,,,,
change_date21_empatica,empatica4_diary,,text,"Changing Device Date",,,datetime_dmy,,,,,,,,,,
change_date22_empatica,empatica4_diary,,text,"Changing Device Date",,,datetime_dmy,,,,,,,,,,
seizure_t_d_t_empatica,empatica4_diary,,notes,"SEIZURES (Describe Tipe, Data and Time)",,,,,,,,,,,,,
annotation_empatica,empatica4_diary,,text,ANNOTATION,,,,,,,,,,,,,
change_date1_biovotion,biovotion_diary,,text,"Changing Device Date",,,datetime_dmy,,,,,,,,,,
change_date2_biovotion,biovotion_diary,,text,"Changing Device Date",,,datetime_dmy,,,,,,,,,,
change_date3_biovotion,biovotion_diary,,text,"Changing Device Date",,,datetime_dmy,,,,,,,,,,
change_date4_biovotion,biovotion_diary,,text,"Changing Device Date",,,datetime_dmy,,,,,,,,,,
change_date5_biovotion,biovotion_diary,,text,"Changing Device Date",,,datetime_dmy,,,,,,,,,,
change_date6_biovotion,biovotion_diary,,text,"Changing Device Date",,,datetime_dmy,,,,,,,,,,
change_date7_biovotion,biovotion_diary,,text,"Changing Device Date",,,datetime_dmy,,,,,,,,,,
change_date8_biovotion,biovotion_diary,,text,"Changing Device Date",,,datetime_dmy,,,,,,,,,,
change_date9_biovotion,biovotion_diary,,text,"Changing Device Date",,,datetime_dmy,,,,,,,,,,
change_date10_biovotion,biovotion_diary,,text,"Changing Device Date",,,datetime_dmy,,,,,,,,,,
change_date11_biovotion,biovotion_diary,,text,"Changing Device Date",,,datetime_dmy,,,,,,,,,,
change_date12_biovotion,biovotion_diary,,text,"Changing Device Date",,,datetime_dmy,,,,,,,,,,
change_date13_biovotion,biovotion_diary,,text,"Changing Device Date",,,datetime_dmy,,,,,,,,,,
change_date14_biovotion,biovotion_diary,,text,"Changing Device Date",,,datetime_dmy,,,,,,,,,,
annotation_biovotion,biovotion_diary,,notes,"ANNOTATION ",,,,,,,,,,,,,
bipq_1,bipq,"For the following questions, please mark the number that best corresponds to your views: ",radio,"How much does your epilepsy affect your life?","0, 0 No affect at all | 1, 1 | 2, 2 | 3, 3 | 4, 4 | 5, 5 | 6, 6 | 7, 7 | 8, 8 | 9, 9 | 10, 10  Severely affects my life",,,,,,,,,,,,
bipq_2,bipq,,radio,"How long do you think your epilepsy will continue?","0, 0 A very short time |1, 1 | 2, 2 | 3, 3 | 4, 4 | 5, 5 | 6, 6 | 7, 7 | 8, 8 | 9, 9 | 10, 10 Forever",,,,,,,,,,,,
bipq_3,bipq,,radio,"How much control do you feel you have over your epilepsy?","0, 0 Absolutely no control | 1, 1 | 2, 2 | 3, 3 | 4, 4 | 5, 5 | 6, 6 | 7, 7 | 8, 8 | 9, 9 | 10, 10 Extreme amount of control",,,,,,,,,,,,
bipq_4,bipq,,radio,"How much do you think your treatment can help your epilepsy?","0, 0 Not at all | 1, 1 | 2, 2 | 3, 3 | 4, 4 | 5, 5 | 6, 6 | 7, 7 | 8, 8 | 9, 9 | 10, 10 Extremely helpful",,,,,,,,,,,,
bipq_5,bipq,,radio,"How much do you experience symptoms from your epilepsy?","0, 0 No symptoms at all | 1, 1 | 2, 2 | 3, 3 | 4, 4 | 5, 5 | 6, 6 | 7, 7 | 8, 8 | 9, 9 | 10, 10 Many severe symptoms",,,,,,,,,,,,
bipq_6,bipq,,radio,"How concerned are you about your epilepsy?","0, 0 Not at all concerned | 1, 1 | 2, 2 | 3, 3 | 4, 4 | 5, 5 | 6, 6 | 7, 7 | 8, 8 | 9, 9 | 10, 10 Extremely concerned",,,,,,,,,,,,
bipq_7,bipq,,radio,"How well do you feel you understand your epilepsy?","0, 0 Do not understand it at all | 1, 1 | 2, 2 | 3, 3 | 4, 4 | 5, 5 | 6, 6 | 7, 7 | 8, 8 | 9, 9 | 10, 10 Understand very clearly",,,,,,,,,,,,
bipq_8,bipq,,radio,"How much does your epilepsy affect you emotionally? (e.g. does it make you angry, scared, upset or depressed?","0, 0 Not at all affected emotionally | 1, 1 | 2, 2 | 3, 3 | 4, 4 | 5, 5 | 6, 6 | 7, 7 | 8, 8 | 9, 9 | 10, 10 Extremely affected emotionally",,,,,,,,,,,,
bipg_tot_score,bipq,,text,"BIPQ Total Score",,,,,,,,,,,,,
tam_data_empatica,tam_fast_form_empatica,,text,"Day of administration",,,date_dmy,,,,,,,,,,
tam_acceptable_1_empatica,tam_fast_form_empatica,,text,"If you experienced to wear more than one device, which one did you find more acceptable ?",,,,,,,,,,,,,
tam_acceptable_2_empatica,tam_fast_form_empatica,,text,"Why the other/others was/were less acceptable or unacceptable ?",,,,,,,,,,,,,
tam_usefulness_1_empatica,tam_fast_form_empatica,"Perceived Usefulness.",radio,"Overall, I feel the wrist-worn wearable device is:","1,1 Efficient |2,2|3,3|4,4|5,5|6,6|7,7 Inefficient",,,,,,,,RH,,,,
tam_usefulness_2_empatica,tam_fast_form_empatica,,radio,"Overall, I feel the wrist-worn wearable device is:","1,1 Performance enhancing |2,2|3,3|4,4|5,5|6,6|7,7  Performance degrading",,,,,,,,RH,,,,
tam_usefulness_3_empatica,tam_fast_form_empatica,,radio,"Overall, I feel the wrist-worn wearable device is:","1,1 Productivity increasing |2,2|3,3|4,4|5,5|6,6|7,7  Productivity decreasing",,,,,,,,RH,,,,
tam_usefulness_4_empatica,tam_fast_form_empatica,,radio,"Overall, I feel the wrist-worn wearable device is:","1,1 Effective |2,2|3,3|4,4|5,5|6,6|7,7  Ineffective",,,,,,,,RH,,,,
tam_usefulness_5_empatica,tam_fast_form_empatica,,radio,"Overall, I feel the wrist-worn wearable device is:","1,1 Helpful |2,2|3,3|4,4|5,5|6,6|7,7  Unhelpful",,,,,,,,RH,,,,
tam_usefulness_6a_empatica,tam_fast_form_empatica,,radio,"Overall, I feel the wrist-worn wearable device is:","1,1 Potentially useful in my daily life |2,2|3,3|4,4|5,5|6,6|7,7  Useless",,,,,,,,RH,,,,
tam_usefulness_6b_empatica,tam_fast_form_empatica,,radio,"Overall, I feel the wrist-worn wearable device is:","1,1 Potentially useful to increase my safety |2,2|3,3|4,4|5,5|6,6|7,7  Useless",,,,,,,,RH,,,,
tam_ease_of_use_1_empatica,tam_fast_form_empatica,"Perceived Ease of Use.",radio,"Overall, I feel the wrist-worn wearable device is:","1,1 Easy to learn |2,2|3,3|4,4|5,5|6,6|7,7  Difficult to learn",,,,,,,,RH,,,,
tam_ease_of_use_2_empatica,tam_fast_form_empatica,,radio,"Overall, I feel the wrist-worn wearable device is:","1, 1 Easy to manipulate | 2, 2 | 3, 3 | 4, 4 | 5, 5 | 6, 6 | 7, 7  Difficult to manipulate",,,,,,,,RH,,,,
tam_ease_of_use_3_empatica,tam_fast_form_empatica,,radio,"Overall, I feel the wrist-worn wearable device is:","1, 1 Clear to interact with | 2, 2 | 3, 3 | 4, 4 | 5, 5 | 6, 6 | 7, 7  Obscure to interact with interact with",,,,,,,,RH,,,,
tam_ease_of_use_4_empatica,tam_fast_form_empatica,,radio,"Overall, I feel the wrist-worn wearable device is:","1, 1 Flexible to interact with | 2, 2 | 3, 3 | 4, 4 | 5, 5 | 6, 6 | 7, 7  Rigid to interact with",,,,,,,,RH,,,,
tam_ease_of_use_5_empatica,tam_fast_form_empatica,,radio,"Overall, I feel the wrist-worn wearable device is:","1, 1 Easy to master | 2, 2 | 3, 3 | 4, 4 | 5, 5 | 6, 6 | 7, 7  Difficult to master",,,,,,,,RH,,,,
tam_ease_of_use_6_empatica,tam_fast_form_empatica,,radio,"Overall, I feel the wrist-worn wearable device is:","1,1 Usable |2,2|3,3|4,4|5,5|6,6|7,7  Cumbersome",,,,,,,,RH,,,,
tam_ease_of_use_7_empatica,tam_fast_form_empatica,,radio,"Overall, I feel the wrist-worn wearable device is:","1,1 Confortable to be worn for a long time|2,2|3,3|4,4|5,5|6,6|7,7  Uncomfortable",,,,,,,,RH,,,,
tam_ease_of_use_8_empatica,tam_fast_form_empatica,,radio,"Overall, I feel the wrist-worn wearable device is:","1,1 Confortable during sleep|2,2|3,3|4,4|5,5|6,6|7,7  Uncomfortable",,,,,,,,RH,,,,
tam_usage_1_empatica,tam_fast_form_empatica,"Predicted Usage. For the following questions, please indicate the extent to which you agree with the following statements:",radio,"1. If a choice of wearable device was up to me, it would likely be the current device.","1,1 Agree |2,2|3,3|4,4|5,5|6,6|7,7  Disagree",,,,,,,,RH,,,,
tam_usage_2_empatica,tam_fast_form_empatica,,radio,"2. If I need to monitor my seizure and the choice was up to me, I would expect to use a wrist-worn wearable device.","1,1 Agree |2,2|3,3|4,4|5,5|6,6|7,7  Disagree",,,,,,,,RH,,,,
tam_usage_3_empatica,tam_fast_form_empatica,,radio,"3. If asked, I would likely recommend this wearable device as a seizure detection.","1,1 Agree |2,2|3,3|4,4|5,5|6,6|7,7  Disagree",,,,,,,,RH,,,,
tam_usage_4_empatica,tam_fast_form_empatica,,radio,"4. For future health monitoring tasks that are totally within my control, I would probably use this wearable device.","1,1 Agree |2,2|3,3|4,4|5,5|6,6|7,7  Disagree",,,,,,,,RH,,,,
tam_summarise_empatica,tam_fast_form_empatica,,text,"How would you overall summarise your experience with the wearable device ?",,,,,,,,,,,,,
tam_data_imec,tam_fast_form_imec,,text,"Day of administration",,,date_dmy,,,,,,,,,,
tam_acceptable_1_imec,tam_fast_form_imec,,text,"If you experienced to wear more than one device, which one did you find more acceptable ?",,,,,,,,,,,,,
tam_acceptable_2_imec,tam_fast_form_imec,,text,"Why the other/others was/were less acceptable or unacceptable ?",,,,,,,,,,,,,
tam_usefulness_1_imec,tam_fast_form_imec,"Perceived Usefulness.",radio,"Overall, I feel the upper-arm wearable device is:","1,1 Efficient |2,2|3,3|4,4|5,5|6,6|7,7 Inefficient",,,,,,,,RH,,,,
tam_usefulness_2_imec,tam_fast_form_imec,,radio,"Overall, I feel the upper-arm wearable device is:","1,1 Performance enhancing |2,2|3,3|4,4|5,5|6,6|7,7  Performance degrading",,,,,,,,RH,,,,
tam_usefulness_3_imec,tam_fast_form_imec,,radio,"Overall, I feel the upper-arm wearable device is:","1,1 Productivity increasing |2,2|3,3|4,4|5,5|6,6|7,7  Productivity decreasing",,,,,,,,RH,,,,
tam_usefulness_4_imec,tam_fast_form_imec,,radio,"Overall, I feel the upper-arm wearable device is:","1,1 Effective |2,2|3,3|4,4|5,5|6,6|7,7  Ineffective",,,,,,,,RH,,,,
tam_usefulness_5_imec,tam_fast_form_imec,,radio,"Overall, I feel the upper-arm wearable device is:","1,1 Helpful |2,2|3,3|4,4|5,5|6,6|7,7  Unhelpful",,,,,,,,RH,,,,
tam_usefulness_6a_imec,tam_fast_form_imec,,radio,"Overall, I feel the upper-arm wearable device is:","1,1 Potentially useful in my daily life |2,2|3,3|4,4|5,5|6,6|7,7  Useless",,,,,,,,RH,,,,
tam_usefulness_6b_imec,tam_fast_form_imec,,radio,"Overall, I feel the upper-arm wearable device is:","1,1 Potentially useful to increase my safety |2,2|3,3|4,4|5,5|6,6|7,7  Useless",,,,,,,,RH,,,,
tam_ease_of_use_1_imec,tam_fast_form_imec,"Perceived Ease of Use.",radio,"Overall, I feel the upper-arm wearable device is:","1,1 Easy to learn |2,2|3,3|4,4|5,5|6,6|7,7  Difficult to learn",,,,,,,,RH,,,,
tam_ease_of_use_2_imec,tam_fast_form_imec,,radio,"Overall, I feel the upper-arm wearable device is:","1, 1 Easy to manipulate | 2, 2 | 3, 3 | 4, 4 | 5, 5 | 6, 6 | 7, 7  Difficult to manipulate",,,,,,,,RH,,,,
tam_ease_of_use_3_imec,tam_fast_form_imec,,radio,"Overall, I feel the upper-arm wearable device is:","1, 1 Clear to interact with | 2, 2 | 3, 3 | 4, 4 | 5, 5 | 6, 6 | 7, 7  Obscure to interact with interact with",,,,,,,,RH,,,,
tam_ease_of_use_4_imec,tam_fast_form_imec,,radio,"Overall, I feel the upper-arm wearable device is:","1, 1 Flexible to interact with | 2, 2 | 3, 3 | 4, 4 | 5, 5 | 6, 6 | 7, 7  Rigid to interact with",,,,,,,,RH,,,,
tam_ease_of_use_5_imec,tam_fast_form_imec,,radio,"Overall, I feel the upper-arm wearable device is:","1, 1 Easy to master | 2, 2 | 3, 3 | 4, 4 | 5, 5 | 6, 6 | 7, 7  Difficult to master",,,,,,,,RH,,,,
tam_ease_of_use_6_imec,tam_fast_form_imec,,radio,"Overall, I feel the upper-arm wearable device is:","1,1 Usable |2,2|3,3|4,4|5,5|6,6|7,7  Cumbersome",,,,,,,,RH,,,,
tam_ease_of_use_7_imec,tam_fast_form_imec,,radio,"Overall, I feel the upper-arm wearable device is:","1,1 Confortable to be worn for a long time|2,2|3,3|4,4|5,5|6,6|7,7  Uncomfortable",,,,,,,,RH,,,,
tam_ease_of_use_8_imec,tam_fast_form_imec,,radio,"Overall, I feel the upper-arm wearable device is:","1,1 Confortable during sleep|2,2|3,3|4,4|5,5|6,6|7,7  Uncomfortable",,,,,,,,RH,,,,
tam_usage_1_imec,tam_fast_form_imec,"Predicted Usage. For the following questions, please indicate the extent to which you agree with the following statements:",radio,"1. If a choice of wearable device was up to me, it would likely be the current device.","1,1 Agree |2,2|3,3|4,4|5,5|6,6|7,7  Disagree",,,,,,,,RH,,,,
tam_usage_2_imec,tam_fast_form_imec,,radio,"2. If I need to monitor my seizure and the choice was up to me, I would expect to use an upper-arm wearable device.","1,1 Agree |2,2|3,3|4,4|5,5|6,6|7,7  Disagree",,,,,,,,RH,,,,
tam_usage_3_imec,tam_fast_form_imec,,radio,"3. If asked, I would likely recommend this wearable device as a seizure detection.","1,1 Agree |2,2|3,3|4,4|5,5|6,6|7,7  Disagree",,,,,,,,RH,,,,
tam_usage_4_imec,tam_fast_form_imec,,radio,"4. For future health monitoring tasks that are totally within my control, I would probably use this wearable device.","1,1 Agree |2,2|3,3|4,4|5,5|6,6|7,7  Disagree",,,,,,,,RH,,,,
tam_summarise_imec,tam_fast_form_imec,,text,"How would you overall summarise your experience with the wearable device ?",,,,,,,,,,,,,
tam_data_biov,tam_fast_form_biovotion,,text,"Day of administration",,,date_dmy,,,,,,,,,,
tam_acceptable_1_biov,tam_fast_form_biovotion,,text,"If you experienced to wear more than one device, which one did you find more acceptable ?",,,,,,,,,,,,,
tam_acceptable_2_biov,tam_fast_form_biovotion,,text,"Why the other/others was/were less acceptable or unacceptable ?",,,,,,,,,,,,,
tam_usefulness_1_biov,tam_fast_form_biovotion,"Perceived Usefulness.",radio,"Overall, I feel the upper-arm wearable device is:","1,1 Efficient |2,2|3,3|4,4|5,5|6,6|7,7 Inefficient",,,,,,,,RH,,,,
tam_usefulness_2_biov,tam_fast_form_biovotion,,radio,"Overall, I feel the upper-arm wearable device is:","1,1 Performance enhancing |2,2|3,3|4,4|5,5|6,6|7,7  Performance degrading",,,,,,,,RH,,,,
tam_usefulness_3_biov,tam_fast_form_biovotion,,radio,"Overall, I feel the upper-arm wearable device is:","1,1 Productivity increasing |2,2|3,3|4,4|5,5|6,6|7,7  Productivity decreasing",,,,,,,,RH,,,,
tam_usefulness_4_biov,tam_fast_form_biovotion,,radio,"Overall, I feel the upper-arm wearable device is:","1,1 Effective |2,2|3,3|4,4|5,5|6,6|7,7  Ineffective",,,,,,,,RH,,,,
tam_usefulness_5_biov,tam_fast_form_biovotion,,radio,"Overall, I feel the upper-arm wearable device is:","1,1 Helpful |2,2|3,3|4,4|5,5|6,6|7,7  Unhelpful",,,,,,,,RH,,,,
tam_usefulness_6a_biov,tam_fast_form_biovotion,,radio,"Overall, I feel the upper-arm wearable device is:","1,1 Potentially useful in my daily life |2,2|3,3|4,4|5,5|6,6|7,7  Useless",,,,,,,,RH,,,,
tam_usefulness_6b_biov,tam_fast_form_biovotion,,radio,"Overall, I feel the upper-arm wearable device is:","1,1 Potentially useful to increase my safety |2,2|3,3|4,4|5,5|6,6|7,7  Useless",,,,,,,,RH,,,,
tam_ease_of_use_1_biov,tam_fast_form_biovotion,"Perceived Ease of Use.",radio,"Overall, I feel the upper-arm wearable device is:","1,1 Easy to learn |2,2|3,3|4,4|5,5|6,6|7,7  Difficult to learn",,,,,,,,RH,,,,
tam_ease_of_use_2_biov,tam_fast_form_biovotion,,radio,"Overall, I feel the upper-arm wearable device is:","1, 1 Easy to manipulate | 2, 2 | 3, 3 | 4, 4 | 5, 5 | 6, 6 | 7, 7  Difficult to manipulate",,,,,,,,RH,,,,
tam_ease_of_use_3_biov,tam_fast_form_biovotion,,radio,"Overall, I feel the upper-arm wearable device is:","1, 1 Clear to interact with | 2, 2 | 3, 3 | 4, 4 | 5, 5 | 6, 6 | 7, 7  Obscure to interact with interact with",,,,,,,,RH,,,,
tam_ease_of_use_4_biov,tam_fast_form_biovotion,,radio,"Overall, I feel the upper-arm wearable device is:","1, 1 Flexible to interact with | 2, 2 | 3, 3 | 4, 4 | 5, 5 | 6, 6 | 7, 7  Rigid to interact with",,,,,,,,RH,,,,
tam_ease_of_use_5_biov,tam_fast_form_biovotion,,radio,"Overall, I feel the upper-arm wearable device is:","1, 1 Easy to master | 2, 2 | 3, 3 | 4, 4 | 5, 5 | 6, 6 | 7, 7  Difficult to master",,,,,,,,RH,,,,
tam_ease_of_use_6_biov,tam_fast_form_biovotion,,radio,"Overall, I feel the upper-arm wearable device is:","1,1 Usable |2,2|3,3|4,4|5,5|6,6|7,7  Cumbersome",,,,,,,,RH,,,,
tam_ease_of_use_7_biov,tam_fast_form_biovotion,,radio,"Overall, I feel the upper-arm wearable device is:","1,1 Confortable to be worn for a long time|2,2|3,3|4,4|5,5|6,6|7,7  Uncomfortable",,,,,,,,RH,,,,
tam_ease_of_use_8_biov,tam_fast_form_biovotion,,radio,"Overall, I feel the upper-arm wearable device is:","1,1 Confortable during sleep|2,2|3,3|4,4|5,5|6,6|7,7  Uncomfortable",,,,,,,,RH,,,,
tam_usage_1_biov,tam_fast_form_biovotion,"Predicted Usage. For the following questions, please indicate the extent to which you agree with the following statements:",radio,"1. If a choice of wearable device was up to me, it would likely be the current device.","1,1 Agree |2,2|3,3|4,4|5,5|6,6|7,7  Disagree",,,,,,,,RH,,,,
tam_usage_2_biov,tam_fast_form_biovotion,,radio,"2. If I need to monitor my seizure and the choice was up to me, I would expect to use an upper-arm wearable device.","1,1 Agree |2,2|3,3|4,4|5,5|6,6|7,7  Disagree",,,,,,,,RH,,,,
tam_usage_3_biov,tam_fast_form_biovotion,,radio,"3. If asked, I would likely recommend this wearable device as a seizure detection.","1,1 Agree |2,2|3,3|4,4|5,5|6,6|7,7  Disagree",,,,,,,,RH,,,,
tam_usage_4_biov,tam_fast_form_biovotion,,radio,"4. For future health monitoring tasks that are totally within my control, I would probably use this wearable device.","1,1 Agree |2,2|3,3|4,4|5,5|6,6|7,7  Disagree",,,,,,,,RH,,,,
tam_summarise_biov,tam_fast_form_biovotion,,text,"How would you overall summarise your experience with the wearable device ?",,,,,,,,,,,,,
tam_data_byteflies,tam_fast_form_byteflies,,text,"Day of administration",,,date_dmy,,,,,,,,,,
tam_acceptable_1_byteflies,tam_fast_form_byteflies,,text,"If you experienced to wear more than one device, which one did you find more acceptable ?",,,,,,,,,,,,,
tam_acceptable_2_byteflies,tam_fast_form_byteflies,,text,"Why the other/others was/were less acceptable or unacceptable ?",,,,,,,,,,,,,
tam_usefulness_1_byteflies,tam_fast_form_byteflies,"Perceived Usefulness.",radio,"Overall, I feel the wearable device is:","1,1 Efficient |2,2|3,3|4,4|5,5|6,6|7,7 Inefficient",,,,,,,,RH,,,,
tam_usefulness_2_byteflies,tam_fast_form_byteflies,,radio,"Overall, I feel the wearable device is:","1,1 Performance enhancing |2,2|3,3|4,4|5,5|6,6|7,7  Performance degrading",,,,,,,,RH,,,,
tam_usefulness_3_byteflies,tam_fast_form_byteflies,,radio,"Overall, I feel the wearable device is:","1,1 Productivity increasing |2,2|3,3|4,4|5,5|6,6|7,7  Productivity decreasing",,,,,,,,RH,,,,
tam_usefulness_4_byteflies,tam_fast_form_byteflies,,radio,"Overall, I feel the wearable device is:","1,1 Effective |2,2|3,3|4,4|5,5|6,6|7,7  Ineffective",,,,,,,,RH,,,,
tam_usefulness_5_byteflies,tam_fast_form_byteflies,,radio,"Overall, I feel the wearable device is:","1,1 Helpful |2,2|3,3|4,4|5,5|6,6|7,7  Unhelpful",,,,,,,,RH,,,,
tam_usefulness_6a_byteflies,tam_fast_form_byteflies,,radio,"Overall, I feel the wearable device is:","1,1 Potentially useful in my daily life |2,2|3,3|4,4|5,5|6,6|7,7  Useless",,,,,,,,RH,,,,
tam_usefulness_6b_byteflies,tam_fast_form_byteflies,,radio,"Overall, I feel the wearable device is:","1,1 Potentially useful to increase my safety |2,2|3,3|4,4|5,5|6,6|7,7  Useless",,,,,,,,RH,,,,
tam_ease_of_use_1_byteflies,tam_fast_form_byteflies,"Perceived Ease of Use.",radio,"Overall, I feel the wearable device is:","1,1 Easy to learn |2,2|3,3|4,4|5,5|6,6|7,7  Difficult to learn",,,,,,,,RH,,,,
tam_ease_of_use_2_byteflies,tam_fast_form_byteflies,,radio,"Overall, I feel the wearable device is:","1, 1 Easy to manipulate | 2, 2 | 3, 3 | 4, 4 | 5, 5 | 6, 6 | 7, 7  Difficult to manipulate",,,,,,,,RH,,,,
tam_ease_of_use_3_byteflies,tam_fast_form_byteflies,,radio,"Overall, I feel the wearable device is:","1, 1 Clear to interact with | 2, 2 | 3, 3 | 4, 4 | 5, 5 | 6, 6 | 7, 7  Obscure to interact with interact with",,,,,,,,RH,,,,
tam_ease_of_use_4_byteflies,tam_fast_form_byteflies,,radio,"Overall, I feel the wearable device is:","1, 1 Flexible to interact with | 2, 2 | 3, 3 | 4, 4 | 5, 5 | 6, 6 | 7, 7  Rigid to interact with",,,,,,,,RH,,,,
tam_ease_of_use_5_byteflies,tam_fast_form_byteflies,,radio,"Overall, I feel the wearable device is:","1, 1 Easy to master | 2, 2 | 3, 3 | 4, 4 | 5, 5 | 6, 6 | 7, 7  Difficult to master",,,,,,,,RH,,,,
tam_ease_of_use_6_byteflies,tam_fast_form_byteflies,,radio,"Overall, I feel the wearable device is:","1,1 Usable |2,2|3,3|4,4|5,5|6,6|7,7  Cumbersome",,,,,,,,RH,,,,
tam_ease_of_use_7_byteflies,tam_fast_form_byteflies,,radio,"Overall, I feel the wearable device is:","1,1 Confortable to be worn for a long time|2,2|3,3|4,4|5,5|6,6|7,7  Uncomfortable",,,,,,,,RH,,,,
tam_ease_of_use_8_byteflies,tam_fast_form_byteflies,,radio,"Overall, I feel the wearable device is:","1,1 Confortable during sleep|2,2|3,3|4,4|5,5|6,6|7,7  Uncomfortable",,,,,,,,RH,,,,
tam_usage_1_byteflies,tam_fast_form_byteflies,"Predicted Usage. For the following questions, please indicate the extent to which you agree with the following statements:",radio,"1. If a choice of wearable device was up to me, it would likely be the current device.","1,1 Agree |2,2|3,3|4,4|5,5|6,6|7,7  Disagree",,,,,,,,RH,,,,
tam_usage_2_byteflies,tam_fast_form_byteflies,,radio,"2. If I need to monitor my seizure and the choice was up to me, I would expect to use a wrist-worn wearable device.","1,1 Agree |2,2|3,3|4,4|5,5|6,6|7,7  Disagree",,,,,,,,RH,,,,
tam_usage_3_byteflies,tam_fast_form_byteflies,,radio,"3. If asked, I would likely recommend this wearable device as a seizure detection.","1,1 Agree |2,2|3,3|4,4|5,5|6,6|7,7  Disagree",,,,,,,,RH,,,,
tam_usage_4_byteflies,tam_fast_form_byteflies,,radio,"4. For future health monitoring tasks that are totally within my control, I would probably use this wearable device.","1,1 Agree |2,2|3,3|4,4|5,5|6,6|7,7  Disagree",,,,,,,,RH,,,,
tam_summarise_byteflies,tam_fast_form_byteflies,,text,"How would you overall summarise your experience with the wearable device ?",,,,,,,,,,,,,
tam_data_epilog,tam_fast_form_epilog,,text,"Day of administration",,,date_dmy,,,,,,,,,,
tam_acceptable_1_epilog,tam_fast_form_epilog,,text,"If you experienced to wear more than one device, which one did you find more acceptable ?",,,,,,,,,,,,,
tam_acceptable_2_epilog,tam_fast_form_epilog,,text,"Why the other/others was/were less acceptable or unacceptable ?",,,,,,,,,,,,,
tam_usefulness_1_epilog,tam_fast_form_epilog,"Perceived Usefulness.",radio,"Overall, I feel the wearable device is:","1,1 Efficient |2,2|3,3|4,4|5,5|6,6|7,7 Inefficient",,,,,,,,RH,,,,
tam_usefulness_2_epilog,tam_fast_form_epilog,,radio,"Overall, I feel the wearable device is:","1,1 Performance enhancing |2,2|3,3|4,4|5,5|6,6|7,7  Performance degrading",,,,,,,,RH,,,,
tam_usefulness_3_epilog,tam_fast_form_epilog,,radio,"Overall, I feel the wearable device is:","1,1 Productivity increasing |2,2|3,3|4,4|5,5|6,6|7,7  Productivity decreasing",,,,,,,,RH,,,,
tam_usefulness_4_epilog,tam_fast_form_epilog,,radio,"Overall, I feel the wearable device is:","1,1 Effective |2,2|3,3|4,4|5,5|6,6|7,7  Ineffective",,,,,,,,RH,,,,
tam_usefulness_5_epilog,tam_fast_form_epilog,,radio,"Overall, I feel the wearable device is:","1,1 Helpful |2,2|3,3|4,4|5,5|6,6|7,7  Unhelpful",,,,,,,,RH,,,,
tam_usefulness_6a_epilog,tam_fast_form_epilog,,radio,"Overall, I feel the wearable device is:","1,1 Potentially useful in my daily life |2,2|3,3|4,4|5,5|6,6|7,7  Useless",,,,,,,,RH,,,,
tam_usefulness_6b_epilog,tam_fast_form_epilog,,radio,"Overall, I feel the wearable device is:","1,1 Potentially useful to increase my safety |2,2|3,3|4,4|5,5|6,6|7,7  Useless",,,,,,,,RH,,,,
tam_ease_of_use_1_epilog,tam_fast_form_epilog,"Perceived Ease of Use.",radio,"Overall, I feel the wearable device is:","1,1 Easy to learn |2,2|3,3|4,4|5,5|6,6|7,7  Difficult to learn",,,,,,,,RH,,,,
tam_ease_of_use_2_epilog,tam_fast_form_epilog,,radio,"Overall, I feel the wearable device is:","1, 1 Easy to manipulate | 2, 2 | 3, 3 | 4, 4 | 5, 5 | 6, 6 | 7, 7  Difficult to manipulate",,,,,,,,RH,,,,
tam_ease_of_use_3_epilog,tam_fast_form_epilog,,radio,"Overall, I feel the wearable device is:","1, 1 Clear to interact with | 2, 2 | 3, 3 | 4, 4 | 5, 5 | 6, 6 | 7, 7  Obscure to interact with interact with",,,,,,,,RH,,,,
tam_ease_of_use_4_epilog,tam_fast_form_epilog,,radio,"Overall, I feel the wearable device is:","1, 1 Flexible to interact with | 2, 2 | 3, 3 | 4, 4 | 5, 5 | 6, 6 | 7, 7  Rigid to interact with",,,,,,,,RH,,,,
tam_ease_of_use_5_epilog,tam_fast_form_epilog,,radio,"Overall, I feel the wearable device is:","1, 1 Easy to master | 2, 2 | 3, 3 | 4, 4 | 5, 5 | 6, 6 | 7, 7  Difficult to master",,,,,,,,RH,,,,
tam_ease_of_use_6_epilog,tam_fast_form_epilog,,radio,"Overall, I feel the wearable device is:","1,1 Usable |2,2|3,3|4,4|5,5|6,6|7,7  Cumbersome",,,,,,,,RH,,,,
tam_ease_of_use_7_epilog,tam_fast_form_epilog,,radio,"Overall, I feel the wearable device is:","1,1 Confortable to be worn for a long time|2,2|3,3|4,4|5,5|6,6|7,7  Uncomfortable",,,,,,,,RH,,,,
tam_ease_of_use_8_epilog,tam_fast_form_epilog,,radio,"Overall, I feel the wearable device is:","1,1 Confortable during sleep|2,2|3,3|4,4|5,5|6,6|7,7  Uncomfortable",,,,,,,,RH,,,,
tam_usage_1_epilog,tam_fast_form_epilog,"Predicted Usage. For the following questions, please indicate the extent to which you agree with the following statements:",radio,"1. If a choice of wearable device was up to me, it would likely be the current device.","1,1 Agree |2,2|3,3|4,4|5,5|6,6|7,7  Disagree",,,,,,,,RH,,,,
tam_usage_2_epilog,tam_fast_form_epilog,,radio,"2. If I need to monitor my seizure and the choice was up to me, I would expect to use a wrist-worn wearable device.","1,1 Agree |2,2|3,3|4,4|5,5|6,6|7,7  Disagree",,,,,,,,RH,,,,
tam_usage_3_epilog,tam_fast_form_epilog,,radio,"3. If asked, I would likely recommend this wearable device as a seizure detection.","1,1 Agree |2,2|3,3|4,4|5,5|6,6|7,7  Disagree",,,,,,,,RH,,,,
tam_usage_4_epilog,tam_fast_form_epilog,,radio,"4. For future health monitoring tasks that are totally within my control, I would probably use this wearable device.","1,1 Agree |2,2|3,3|4,4|5,5|6,6|7,7  Disagree",,,,,,,,RH,,,,
tam_summarise_epilog,tam_fast_form_epilog,,text,"How would you overall summarise your experience with the wearable device ?",,,,,,,,,,,,,
tam_data_other,tam_fast_form_epilog,,text,"Day of administration",,,date_dmy,,,,,,,,,,
tam_acceptable_1_other,tam_fast_form_other,,text,"If you experienced to wear more than one device, which one did you find more acceptable ?",,,,,,,,,,,,,
tam_acceptable_2_other,tam_fast_form_other,,text,"Why the other/others was/were less acceptable or unacceptable ?",,,,,,,,,,,,,
tam_usefulness_1_other,tam_fast_form_other,"Perceived Usefulness.",radio,"Overall, I feel the wearable device is:","1,1 Efficient |2,2|3,3|4,4|5,5|6,6|7,7 Inefficient",,,,,,,,RH,,,,
tam_usefulness_2_other,tam_fast_form_other,,radio,"Overall, I feel the wearable device is:","1,1 Performance enhancing |2,2|3,3|4,4|5,5|6,6|7,7  Performance degrading",,,,,,,,RH,,,,
tam_usefulness_3_other,tam_fast_form_other,,radio,"Overall, I feel the wearable device is:","1,1 Productivity increasing |2,2|3,3|4,4|5,5|6,6|7,7  Productivity decreasing",,,,,,,,RH,,,,
tam_usefulness_4_other,tam_fast_form_other,,radio,"Overall, I feel the wearable device is:","1,1 Effective |2,2|3,3|4,4|5,5|6,6|7,7  Ineffective",,,,,,,,RH,,,,
tam_usefulness_5_other,tam_fast_form_other,,radio,"Overall, I feel the wearable device is:","1,1 Helpful |2,2|3,3|4,4|5,5|6,6|7,7  Unhelpful",,,,,,,,RH,,,,
tam_usefulness_6a_other,tam_fast_form_other,,radio,"Overall, I feel the wearable device is:","1,1 Potentially useful in my daily life |2,2|3,3|4,4|5,5|6,6|7,7  Useless",,,,,,,,RH,,,,
tam_usefulness_6b_other,tam_fast_form_other,,radio,"Overall, I feel the wearable device is:","1,1 Potentially useful to increase my safety |2,2|3,3|4,4|5,5|6,6|7,7  Useless",,,,,,,,RH,,,,
tam_ease_of_use_1_other,tam_fast_form_other,"Perceived Ease of Use.",radio,"Overall, I feel the wearable device is:","1,1 Easy to learn |2,2|3,3|4,4|5,5|6,6|7,7  Difficult to learn",,,,,,,,RH,,,,
tam_ease_of_use_2_other,tam_fast_form_other,,radio,"Overall, I feel the wearable device is:","1, 1 Easy to manipulate | 2, 2 | 3, 3 | 4, 4 | 5, 5 | 6, 6 | 7, 7  Difficult to manipulate",,,,,,,,RH,,,,
tam_ease_of_use_3_other,tam_fast_form_other,,radio,"Overall, I feel the wearable device is:","1, 1 Clear to interact with | 2, 2 | 3, 3 | 4, 4 | 5, 5 | 6, 6 | 7, 7  Obscure to interact with interact with",,,,,,,,RH,,,,
tam_ease_of_use_4_other,tam_fast_form_other,,radio,"Overall, I feel the wearable device is:","1, 1 Flexible to interact with | 2, 2 | 3, 3 | 4, 4 | 5, 5 | 6, 6 | 7, 7  Rigid to interact with",,,,,,,,RH,,,,
tam_ease_of_use_5_other,tam_fast_form_other,,radio,"Overall, I feel the wearable device is:","1, 1 Easy to master | 2, 2 | 3, 3 | 4, 4 | 5, 5 | 6, 6 | 7, 7  Difficult to master",,,,,,,,RH,,,,
tam_ease_of_use_6_other,tam_fast_form_other,,radio,"Overall, I feel the wearable device is:","1,1 Usable |2,2|3,3|4,4|5,5|6,6|7,7  Cumbersome",,,,,,,,RH,,,,
tam_ease_of_use_7_other,tam_fast_form_other,,radio,"Overall, I feel the wearable device is:","1,1 Confortable to be worn for a long time|2,2|3,3|4,4|5,5|6,6|7,7  Uncomfortable",,,,,,,,RH,,,,
tam_ease_of_use_8_other,tam_fast_form_other,,radio,"Overall, I feel the wearable device is:","1,1 Confortable during sleep|2,2|3,3|4,4|5,5|6,6|7,7  Uncomfortable",,,,,,,,RH,,,,
tam_usage_1_other,tam_fast_form_other,"Predicted Usage. For the following questions, please indicate the extent to which you agree with the following statements:",radio,"1. If a choice of wearable device was up to me, it would likely be the current device.","1,1 Agree |2,2|3,3|4,4|5,5|6,6|7,7  Disagree",,,,,,,,RH,,,,
tam_usage_2_other,tam_fast_form_other,,radio,"2. If I need to monitor my seizure and the choice was up to me, I would expect to use this wearable device.","1,1 Agree |2,2|3,3|4,4|5,5|6,6|7,7  Disagree",,,,,,,,RH,,,,
tam_usage_3_other,tam_fast_form_other,,radio,"3. If asked, I would likely recommend this wearable device as a seizure detection.","1,1 Agree |2,2|3,3|4,4|5,5|6,6|7,7  Disagree",,,,,,,,RH,,,,
tam_usage_4_other,tam_fast_form_other,,radio,"4. For future health monitoring tasks that are totally within my control, I would probably use this wearable device.","1,1 Agree |2,2|3,3|4,4|5,5|6,6|7,7  Disagree",,,,,,,,RH,,,,
tam_summarise_other,tam_fast_form_other,,text,"How would you overall summarise your experience with the wearable device ?",,,,,,,,,,,,,
interview_1,interviewquestionnaire,"Experience of taking part in the study",radio,"1. Were you familiar with wearable devices before you started wearing one as part of this study?","0, 0 | 1, 1 | 2, 2 | 3, 3 | 4, 4 | 5, 5",,,,,,,,RH,,,,
interview_2,interviewquestionnaire,,radio,"2. Was the device comfortable to wear on your wrist/upper arm?","0, 0 | 1, 1 | 2, 2 | 3, 3 | 4, 4 | 5, 5",,,,,,,,RH,,,,
interview_3,interviewquestionnaire,,radio,"3. Did you feel positive about the data being collected without you needing to interact with the device?","0, 0 | 1, 1 | 2, 2 | 3, 3 | 4, 4 | 5, 5",,,,,,,,RH,,,,
interview_4,interviewquestionnaire,,radio,"4. How easy was it to use the wearable device?","0, 0 | 1, 1 | 2, 2 | 3, 3 | 4, 4 | 5, 5",,,,,,,,RH,,,,
interview_5,interviewquestionnaire,,radio,"5. Were you able to take it off and put it back on easily?","0, 0 | 1, 1 | 2, 2 | 3, 3 | 4, 4 | 5, 5",,,,,,,,RH,,,,
interview_6,interviewquestionnaire,,notes,"6. Did you have any problems charging the wearable device? If yes, please specify.",,,,,,,,,RH,,,,
interview_7,interviewquestionnaire,,radio,"7. How important was it to you that you were able to remove the device on your wrist?","0, 0 | 1, 1 | 2, 2 | 3, 3 | 4, 4 | 5, 5",,,,,,,,RH,,,,
interview_8,interviewquestionnaire,,notes,"8. Would you have liked to have had choice or control over anything else? If yes, please specify.",,,,,,,,,RH,,,,
interview_9,interviewquestionnaire,,radio,"9. Did you receive enough practical support whilst you took part in this study?","0, 0 | 1, 1 | 2, 2 | 3, 3 | 4, 4 | 5, 5",,,,,,,,RH,,,,
interview_10,interviewquestionnaire,,notes,"10. Was there anything that encouraged or helped motivate you to take part in this study? If yes, please specify.",,,,,,,,,RH,,,,
interview_11,interviewquestionnaire,,radio,"11. Would it have motivated you to receive feedback about the data collected throughout the study?","0, 0 | 1, 1 | 2, 2 | 3, 3 | 4, 4 | 5, 5",,,,,,,,RH,,,,
interview_12,interviewquestionnaire,,radio,"12. Did you find any aspect of wearing an extra device on your wrist particularly burdensome?","0, 0 | 1, 1 | 2, 2 | 3, 3 | 4, 4 | 5, 5",,,,,,,,RH,,,,
interview_13,interviewquestionnaire,,radio,"13. Were you concerned about what would happen to the data collected, for example, your privacy and security?","0, 0 | 1, 1 | 2, 2 | 3, 3 | 4, 4 | 5, 5",,,,,,,,RH,,,,
interview_14,interviewquestionnaire,,radio,"14. Were you concerned by what other people thought of you wearing the extra device on your wrist or upper arm?","0, 0 | 1, 1 | 2, 2 | 3, 3 | 4, 4 | 5, 5",,,,,,,,RH,,,,
interview_15,interviewquestionnaire,,radio,"15. Did the information we provided you at the start of the study help to reassure you about any of these concerns?","0, 0 | 1, 1 | 2, 2 | 3, 3 | 4, 4 | 5, 5",,,,,,,,RH,,,,
interview_16,interviewquestionnaire,,radio,"16. Did anything related to your health condition make it easier or harder for you to take part in this study?","0, 0 | 1, 1 | 2, 2 | 3, 3 | 4, 4 | 5, 5",,,,,,,,RH,,,,
interview_17,interviewquestionnaire,,notes,"17. Did anything else make it easier or harder for you to take part in this study? If yes, please specify.",,,,,,,,,RH,,,,
interview_18,interviewquestionnaire,,notes,"18. What else could have made it easier for you to take part in this study?",,,,,,,,,RH,,,,
interview_19,interviewquestionnaire,,radio,"19. Do you think there is value in this approach of using a wearable device on your wrist to gathering data that could help to detect seizures?","0, 0 | 1, 1 | 2, 2 | 3, 3 | 4, 4 | 5, 5",,,,,,,,RH,,,,
interview_20,interviewquestionnaire,,radio,"20. Would you prefer this to wearing the monitors that were attached to your head?","0, 0 | 1, 1 | 2, 2 | 3, 3 | 4, 4 | 5, 5",,,,,,,,RH,,,,
interview_21,interviewquestionnaire,,radio,"21. How would you feel about the information collected during the study going to your GP or healthcare provider?","0, 0 | 1, 1 | 2, 2 | 3, 3 | 4, 4 | 5, 5",,,,,,,,RH,,,,
interview_22,interviewquestionnaire,,notes,"22. What would you like your GP or healthcare provider to do with the information?",,,,,,,,,RH,,,,
interview_23,interviewquestionnaire,"Extra questions related to future data collection at home",notes,"23. If you were to participate in similar study for a longer period whilst you were at home, such as two years, what would need to be different?",,,,,,,,,RH,,,,
interview_24,interviewquestionnaire,,radio,"24. Do you think that wearing a device on your wrist or upper arm would fit easily into your usual routine?","0, 0 | 1, 1 | 2, 2 | 3, 3 | 4, 4 | 5, 5",,,,,,,,RH,,,,
interview_25,interviewquestionnaire,,radio,"25. Would it be helpful if the device had an additional use or function?","0, 0 | 1, 1 | 2, 2 | 3, 3 | 4, 4 | 5, 5",,,,,,,,RH,,,,
interview_26,interviewquestionnaire,"Extra questions for people who dropped out",notes,"26. Were there any other reasons whyyou stopped wearing the device on your wrist/upper arm?",,,,,,,,,RH,,,,
interview_27,interviewquestionnaire,,notes,"27. What could we have done to help you to continue to take part in this study?",,,,,,,,,RH,,,,
integration_warning,radar_integration,,descriptive,"This form is for integration of Redcap with the RADAR-Platform. 
********************************** WARNING **********************************
The fields here are not intended to be edited!",,,,,,,,,,,,,
subject_id,radar_integration,,text,"Participant ID",,"RADAR-platform (generated ID by Radar Platform)",,,,,,,,,,,"Integration Fields"
human_readable_id,radar_integration,,text,"Human Readable ID",,"Human Readable Field (generated by Radar Platform using a composition of [Project Name + Management Portal Project ID + Location + Redcap ID])",,,,,,,,,,,"Integration Fields"
